"","x"
"1",0
"2",1
"3",1
"4",0
"5",1
"6",0
"7",1
"8",0
"9",1
"10",0
"11",1
"12",1
"13",0
"14",1
"15",0
"16",3
"17",3
"18",1
"19",1
"20",2
"21",0
"22",3
"23",1
"24",0
"25",0
"26",0
"27",0
"28",4
"29",1
"30",3
"31",0
"32",1
"33",1
"34",1
"35",1
"36",1
"37",0
"38",1
"39",7
"40",0
"41",1
"42",2
"43",1
"44",1
"45",2
"46",3
"47",0
"48",1
"49",0
"50",6
"51",1
"52",3
"53",2
"54",1
"55",1
"56",0
"57",5
"58",7
"59",1
"60",0
"61",1
"62",1
"63",1
"64",1
"65",1
"66",2
"67",0
"68",0
"69",0
"70",1
"71",2
"72",1
"73",2
"74",1
"75",0
"76",1
"77",1
"78",3
"79",4
"80",1
"81",1
"82",1
"83",0
"84",1
"85",1
"86",1
"87",1
"88",1
"89",3
"90",1
"91",2
"92",1
"93",0
"94",2
"95",1
"96",1
"97",1
"98",0
"99",12
"100",1
"101",1
"102",0
"103",0
"104",1
"105",0
"106",1
"107",1
"108",5
"109",2
"110",4
"111",1
"112",1
"113",1
"114",2
"115",1
"116",0
"117",0
"118",1
"119",6
"120",1
"121",8
"122",1
"123",0
"124",0
"125",0
"126",2
"127",0
"128",1
"129",0
"130",3
"131",1
"132",1
"133",1
"134",1
"135",6
"136",4
"137",4
"138",6
"139",1
"140",1
"141",0
"142",1
"143",12
"144",2
"145",4
"146",2
"147",8
"148",1
"149",1
"150",0
"151",1
"152",15
"153",3
"154",3
"155",1
"156",0
"157",0
"158",2
"159",0
"160",10
"161",1
"162",0
"163",1
"164",0
"165",0
"166",1
"167",3
"168",2
"169",1
"170",2
"171",1
"172",11
"173",1
"174",1
"175",8
"176",15
"177",1
"178",3
"179",1
"180",1
"181",3
"182",0
"183",16
"184",1
"185",1
"186",1
"187",0
"188",2
"189",1
"190",3
"191",1
"192",1
"193",0
"194",4
"195",1
"196",3
"197",0
"198",1
"199",2
"200",2
"201",1
"202",1
"203",1
"204",1
"205",0
"206",2
"207",1
"208",1
"209",0
"210",0
"211",1
"212",2
"213",0
"214",6
"215",1
"216",0
"217",4
"218",0
"219",0
"220",1
"221",2
"222",1
"223",7
"224",0
"225",1
"226",1
"227",1
"228",2
"229",2
"230",0
"231",1
"232",3
"233",1
"234",1
"235",0
"236",0
"237",0
"238",1
"239",1
"240",0
"241",1
"242",2
"243",0
"244",0
"245",3
"246",1
"247",0
"248",1
"249",3
"250",0
"251",1
"252",0
"253",2
"254",5
"255",1
"256",3
"257",2
"258",1
"259",2
"260",1
"261",0
"262",0
"263",2
"264",1
"265",1
"266",2
"267",0
"268",0
"269",2
"270",1
"271",1
"272",0
"273",0
"274",2
"275",4
"276",3
"277",4
"278",2
"279",1
"280",2
"281",0
"282",2
"283",4
"284",1
"285",1
"286",4
"287",0
"288",2
"289",0
"290",0
"291",1
"292",1
"293",0
"294",1
"295",0
"296",2
"297",0
"298",1
"299",6
"300",0
"301",1
"302",2
"303",3
"304",0
"305",0
"306",2
"307",1
"308",3
"309",2
"310",1
"311",3
"312",0
"313",1
"314",1
"315",0
"316",0
"317",2
"318",2
"319",0
"320",1
"321",5
"322",2
"323",1
"324",1
"325",1
"326",1
"327",1
"328",1
"329",1
"330",1
"331",0
"332",1
"333",2
"334",0
"335",0
"336",5
"337",0
"338",2
"339",1
"340",0
"341",1
"342",1
"343",0
"344",1
"345",0
"346",3
"347",0
"348",2
"349",4
"350",1
"351",2
"352",0
"353",0
"354",2
"355",0
"356",2
"357",1
"358",1
"359",1
"360",4
"361",1
"362",1
"363",1
"364",2
"365",1
"366",1
"367",1
"368",1
"369",2
"370",1
"371",10
"372",3
"373",2
"374",2
"375",0
"376",0
"377",2
"378",1
"379",2
"380",1
"381",1
"382",1
"383",1
"384",0
"385",1
"386",1
"387",4
"388",5
"389",5
"390",1
"391",1
"392",1
"393",1
"394",1
"395",2
"396",5
"397",0
"398",0
"399",2
"400",0
"401",1
"402",1
"403",3
"404",1
"405",0
"406",0
"407",2
"408",1
"409",0
"410",1
"411",0
"412",1
"413",1
"414",2
"415",2
"416",6
"417",5
"418",1
"419",1
"420",4
"421",0
"422",3
"423",2
"424",0
"425",3
"426",1
"427",2
"428",0
"429",1
"430",4
"431",1
"432",0
"433",0
"434",1
"435",3
"436",1
"437",1
"438",1
"439",0
"440",1
"441",1
"442",1
"443",1
"444",1
"445",1
"446",6
"447",1
"448",0
"449",0
"450",1
"451",0
"452",1
"453",0
"454",1
"455",1
"456",1
"457",0
"458",1
"459",2
"460",1
"461",0
"462",4
"463",1
"464",0
"465",1
"466",2
"467",0
"468",2
"469",1
"470",4
"471",1
"472",3
"473",5
"474",4
"475",4
"476",2
"477",3
"478",1
"479",0
"480",1
"481",1
"482",0
"483",1
"484",0
"485",1
"486",1
"487",0
"488",1
"489",2
"490",2
"491",1
"492",0
"493",2
"494",2
"495",0
"496",2
"497",0
"498",1
"499",1
"500",0
"501",2
"502",2
"503",0
"504",2
"505",0
"506",1
"507",0
"508",6
"509",2
"510",4
"511",1
"512",1
"513",1
"514",1
"515",2
"516",1
"517",1
"518",1
"519",4
"520",0
"521",0
"522",1
"523",0
"524",3
"525",1
"526",2
"527",3
"528",2
"529",0
"530",0
"531",0
"532",5
"533",1
"534",1
"535",1
"536",0
"537",1
"538",0
"539",0
"540",1
"541",7
"542",5
"543",5
"544",0
"545",5
"546",1
"547",1
"548",0
"549",2
"550",2
"551",1
"552",1
"553",1
"554",0
"555",1
"556",1
"557",2
"558",0
"559",1
"560",0
"561",0
"562",0
"563",4
"564",0
"565",7
"566",14
"567",2
"568",0
"569",0
"570",1
"571",0
"572",1
"573",1
"574",2
"575",1
"576",1
"577",2
"578",0
"579",2
"580",0
"581",1
"582",1
"583",2
"584",1
"585",3
"586",3
"587",1
"588",1
"589",4
"590",3
"591",0
"592",1
"593",0
"594",0
"595",12
"596",2
"597",2
"598",2
"599",1
"600",2
"601",1
"602",0
"603",4
"604",5
"605",1
"606",1
"607",1
"608",0
"609",1
"610",2
"611",1
"612",1
"613",1
"614",2
"615",0
"616",1
"617",0
"618",6
"619",1
"620",1
"621",1
"622",2
"623",0
"624",14
"625",0
"626",2
"627",2
"628",1
"629",1
"630",1
"631",2
"632",2
"633",1
"634",1
"635",0
"636",0
"637",0
"638",1
"639",3
"640",2
"641",2
"642",0
"643",1
"644",1
"645",1
"646",6
"647",1
"648",5
"649",0
"650",1
"651",2
"652",1
"653",5
"654",1
"655",1
"656",0
"657",2
"658",0
"659",1
"660",1
"661",3
"662",1
"663",1
"664",1
"665",3
"666",2
"667",0
"668",2
"669",1
"670",2
"671",3
"672",1
"673",1
"674",4
"675",0
"676",1
"677",1
"678",2
"679",1
"680",3
"681",0
"682",0
"683",0
"684",7
"685",0
"686",0
"687",1
"688",2
"689",3
"690",0
"691",1
"692",2
"693",1
"694",0
"695",2
"696",1
"697",2
"698",0
"699",2
"700",2
"701",2
"702",1
"703",0
"704",0
"705",2
"706",2
"707",1
"708",1
"709",0
"710",0
"711",3
"712",0
"713",0
"714",0
"715",2
"716",3
"717",0
"718",0
"719",0
"720",3
"721",1
"722",0
"723",2
"724",2
"725",1
"726",0
"727",4
"728",1
"729",2
"730",1
"731",3
"732",1
"733",0
"734",1
"735",3
"736",0
"737",1
"738",1
"739",4
"740",1
"741",0
"742",0
"743",0
"744",0
"745",0
"746",2
"747",2
"748",1
"749",1
"750",7
"751",3
"752",1
"753",3
"754",1
"755",1
"756",0
"757",1
"758",1
"759",1
"760",2
"761",0
"762",7
"763",1
"764",1
"765",4
"766",0
"767",0
"768",3
"769",1
"770",4
"771",1
"772",1
"773",1
"774",1
"775",1
"776",0
"777",2
"778",0
"779",1
"780",1
"781",0
"782",1
"783",5
"784",5
"785",0
"786",2
"787",1
"788",1
"789",1
"790",3
"791",5
"792",1
"793",4
"794",2
"795",2
"796",0
"797",1
"798",2
"799",0
"800",2
"801",1
"802",1
"803",1
"804",1
"805",3
"806",2
"807",0
"808",0
"809",1
"810",4
"811",1
"812",0
"813",1
"814",2
"815",0
"816",0
"817",1
"818",0
"819",2
"820",1
"821",1
"822",1
"823",2
"824",1
"825",0
"826",0
"827",1
"828",2
"829",0
"830",1
"831",3
"832",5
"833",3
"834",2
"835",1
"836",1
"837",1
"838",6
"839",1
"840",2
"841",0
"842",0
"843",3
"844",1
"845",0
"846",0
"847",1
"848",0
"849",2
"850",1
"851",2
"852",0
"853",1
"854",1
"855",10
"856",1
"857",0
"858",2
"859",0
"860",5
"861",3
"862",1
"863",0
"864",3
"865",1
"866",1
"867",0
"868",1
"869",1
"870",0
"871",2
"872",5
"873",0
"874",1
"875",1
"876",0
"877",1
"878",0
"879",5
"880",2
"881",4
"882",1
"883",0
"884",1
"885",1
"886",0
"887",0
"888",0
"889",3
"890",0
"891",1
"892",0
"893",4
"894",1
"895",1
"896",0
"897",1
"898",2
"899",1
"900",5
"901",2
"902",1
"903",1
"904",0
"905",1
"906",4
"907",0
"908",1
"909",4
"910",4
"911",6
"912",1
"913",1
"914",1
"915",1
"916",0
"917",1
"918",1
"919",1
"920",1
"921",3
"922",0
"923",1
"924",0
"925",2
"926",1
"927",0
"928",5
"929",0
"930",0
"931",1
"932",0
"933",3
"934",4
"935",4
"936",2
"937",0
"938",1
"939",0
"940",7
"941",2
"942",0
"943",0
"944",0
"945",1
"946",0
"947",1
"948",0
"949",0
"950",5
"951",1
"952",1
"953",0
"954",1
"955",1
"956",2
"957",1
"958",1
"959",0
"960",1
"961",1
"962",4
"963",1
"964",1
"965",2
"966",0
"967",1
"968",10
"969",4
"970",0
"971",0
"972",0
"973",1
"974",2
"975",2
"976",2
"977",0
"978",1
"979",2
"980",3
"981",2
"982",0
"983",2
"984",0
"985",5
"986",1
"987",1
"988",1
"989",2
"990",1
"991",0
"992",0
"993",1
"994",0
"995",1
"996",0
"997",2
"998",0
"999",2
"1000",2
"1001",2
"1002",1
"1003",2
"1004",3
"1005",1
"1006",1
"1007",0
"1008",2
"1009",2
"1010",0
"1011",1
"1012",1
"1013",1
"1014",7
"1015",2
"1016",1
"1017",3
"1018",2
"1019",0
"1020",1
"1021",0
"1022",1
"1023",6
"1024",0
"1025",2
"1026",2
"1027",0
"1028",2
"1029",3
"1030",1
"1031",0
"1032",1
"1033",1
"1034",1
"1035",0
"1036",4
"1037",3
"1038",1
"1039",0
"1040",0
"1041",5
"1042",1
"1043",2
"1044",1
"1045",1
"1046",2
"1047",7
"1048",0
"1049",2
"1050",1
"1051",0
"1052",0
"1053",2
"1054",0
"1055",1
"1056",0
"1057",1
"1058",1
"1059",0
"1060",2
"1061",2
"1062",1
"1063",2
"1064",1
"1065",0
"1066",0
"1067",6
"1068",1
"1069",8
"1070",0
"1071",1
"1072",0
"1073",1
"1074",0
"1075",1
"1076",2
"1077",0
"1078",0
"1079",2
"1080",4
"1081",1
"1082",1
"1083",1
"1084",2
"1085",1
"1086",1
"1087",0
"1088",0
"1089",1
"1090",0
"1091",2
"1092",1
"1093",0
"1094",2
"1095",1
"1096",1
"1097",1
"1098",5
"1099",1
"1100",0
"1101",1
"1102",1
"1103",16
"1104",2
"1105",1
"1106",3
"1107",4
"1108",0
"1109",2
"1110",2
"1111",0
"1112",0
"1113",2
"1114",1
"1115",2
"1116",0
"1117",1
"1118",4
"1119",0
"1120",1
"1121",0
"1122",0
"1123",1
"1124",1
"1125",1
"1126",0
"1127",1
"1128",1
"1129",1
"1130",1
"1131",0
"1132",1
"1133",8
"1134",1
"1135",2
"1136",4
"1137",0
"1138",1
"1139",1
"1140",1
"1141",0
"1142",0
"1143",2
"1144",1
"1145",1
"1146",1
"1147",1
"1148",2
"1149",0
"1150",0
"1151",0
"1152",1
"1153",2
"1154",2
"1155",4
"1156",1
"1157",0
"1158",1
"1159",1
"1160",0
"1161",2
"1162",2
"1163",1
"1164",1
"1165",0
"1166",2
"1167",0
"1168",1
"1169",1
"1170",2
"1171",1
"1172",2
"1173",5
"1174",1
"1175",2
"1176",1
"1177",1
"1178",0
"1179",1
"1180",0
"1181",1
"1182",4
"1183",1
"1184",1
"1185",1
"1186",0
"1187",1
"1188",0
"1189",0
"1190",1
"1191",1
"1192",1
"1193",0
"1194",0
"1195",0
"1196",1
"1197",0
"1198",0
"1199",2
"1200",6
"1201",1
"1202",0
"1203",1
"1204",4
"1205",1
"1206",0
"1207",1
"1208",5
"1209",0
"1210",0
"1211",1
"1212",2
"1213",1
"1214",7
"1215",0
"1216",1
"1217",2
"1218",1
"1219",1
"1220",1
"1221",1
"1222",1
"1223",3
"1224",0
"1225",2
"1226",2
"1227",1
"1228",2
"1229",1
"1230",1
"1231",4
"1232",1
"1233",1
"1234",1
"1235",1
"1236",2
"1237",0
"1238",2
"1239",1
"1240",2
"1241",1
"1242",0
"1243",0
"1244",2
"1245",1
"1246",3
"1247",1
"1248",0
"1249",2
"1250",2
"1251",1
"1252",1
"1253",2
"1254",2
"1255",1
"1256",0
"1257",0
"1258",0
"1259",2
"1260",1
"1261",14
"1262",0
"1263",1
"1264",3
"1265",2
"1266",1
"1267",2
"1268",0
"1269",0
"1270",3
"1271",0
"1272",0
"1273",1
"1274",1
"1275",1
"1276",0
"1277",1
"1278",1
"1279",6
"1280",2
"1281",1
"1282",3
"1283",2
"1284",1
"1285",1
"1286",0
"1287",1
"1288",2
"1289",0
"1290",1
"1291",4
"1292",3
"1293",1
"1294",2
"1295",4
"1296",0
"1297",1
"1298",5
"1299",1
"1300",1
"1301",1
"1302",1
"1303",0
"1304",1
"1305",0
"1306",1
"1307",2
"1308",2
"1309",0
"1310",1
"1311",1
"1312",0
"1313",1
"1314",1
"1315",0
"1316",0
"1317",1
"1318",1
"1319",0
"1320",1
"1321",1
"1322",0
"1323",1
"1324",1
"1325",3
"1326",1
"1327",1
"1328",4
"1329",0
"1330",2
"1331",7
"1332",1
"1333",0
"1334",1
"1335",2
"1336",1
"1337",1
"1338",2
"1339",2
"1340",2
"1341",0
"1342",8
"1343",1
"1344",1
"1345",1
"1346",1
"1347",5
"1348",1
"1349",1
"1350",1
"1351",0
"1352",5
"1353",15
"1354",1
"1355",2
"1356",3
"1357",0
"1358",1
"1359",1
"1360",1
"1361",1
"1362",0
"1363",1
"1364",4
"1365",0
"1366",1
"1367",1
"1368",1
"1369",4
"1370",4
"1371",0
"1372",2
"1373",0
"1374",1
"1375",0
"1376",0
"1377",7
"1378",1
"1379",1
"1380",1
"1381",8
"1382",2
"1383",0
"1384",9
"1385",1
"1386",1
"1387",1
"1388",1
"1389",0
"1390",2
"1391",1
"1392",6
"1393",0
"1394",1
"1395",1
"1396",0
"1397",0
"1398",2
"1399",5
"1400",1
"1401",2
"1402",14
"1403",1
"1404",0
"1405",5
"1406",1
"1407",1
"1408",2
"1409",0
"1410",0
"1411",1
"1412",1
"1413",1
"1414",0
"1415",0
"1416",2
"1417",1
"1418",1
"1419",1
"1420",4
"1421",2
"1422",1
"1423",1
"1424",4
"1425",0
"1426",2
"1427",2
"1428",1
"1429",3
"1430",2
"1431",2
"1432",0
"1433",0
"1434",0
"1435",4
"1436",0
"1437",0
"1438",0
"1439",3
"1440",8
"1441",1
"1442",0
"1443",7
"1444",1
"1445",0
"1446",1
"1447",0
"1448",1
"1449",1
"1450",4
"1451",2
"1452",1
"1453",1
"1454",1
"1455",0
"1456",0
"1457",1
"1458",2
"1459",1
"1460",0
"1461",1
"1462",0
"1463",1
"1464",0
"1465",6
"1466",1
"1467",1
"1468",1
"1469",1
"1470",4
"1471",1
"1472",1
"1473",0
"1474",0
"1475",1
"1476",1
"1477",3
"1478",3
"1479",0
"1480",2
"1481",0
"1482",2
"1483",0
"1484",0
"1485",1
"1486",0
"1487",0
"1488",1
"1489",3
"1490",4
"1491",2
"1492",1
"1493",3
"1494",5
"1495",2
"1496",0
"1497",1
"1498",7
"1499",2
"1500",1
"1501",9
"1502",0
"1503",0
"1504",4
"1505",0
"1506",3
"1507",1
"1508",1
"1509",0
"1510",0
"1511",0
"1512",0
"1513",6
"1514",2
"1515",4
"1516",1
"1517",0
"1518",4
"1519",9
"1520",2
"1521",1
"1522",1
"1523",11
"1524",1
"1525",0
"1526",1
"1527",1
"1528",4
"1529",4
"1530",1
"1531",0
"1532",1
"1533",1
"1534",2
"1535",0
"1536",1
"1537",1
"1538",1
"1539",4
"1540",0
"1541",1
"1542",10
"1543",1
"1544",2
"1545",1
"1546",1
"1547",1
"1548",1
"1549",3
"1550",0
"1551",4
"1552",0
"1553",0
"1554",1
"1555",1
"1556",1
"1557",1
"1558",0
"1559",2
"1560",0
"1561",1
"1562",1
"1563",8
"1564",0
"1565",1
"1566",4
"1567",3
"1568",0
"1569",2
"1570",2
"1571",3
"1572",1
"1573",1
"1574",1
"1575",0
"1576",1
"1577",1
"1578",1
"1579",0
"1580",1
"1581",0
"1582",1
"1583",1
"1584",3
"1585",2
"1586",1
"1587",1
"1588",0
"1589",0
"1590",5
"1591",2
"1592",0
"1593",0
"1594",2
"1595",1
"1596",1
"1597",1
"1598",1
"1599",5
"1600",1
"1601",1
"1602",1
"1603",1
"1604",0
"1605",2
"1606",1
"1607",0
"1608",1
"1609",2
"1610",2
"1611",2
"1612",2
"1613",0
"1614",2
"1615",3
"1616",1
"1617",0
"1618",1
"1619",1
"1620",1
"1621",0
"1622",0
"1623",2
"1624",2
"1625",1
"1626",2
"1627",2
"1628",0
"1629",2
"1630",0
"1631",2
"1632",1
"1633",2
"1634",1
"1635",1
"1636",1
"1637",0
"1638",2
"1639",2
"1640",0
"1641",0
"1642",1
"1643",1
"1644",0
"1645",3
"1646",2
"1647",1
"1648",0
"1649",1
"1650",0
"1651",0
"1652",1
"1653",2
"1654",0
"1655",2
"1656",1
"1657",1
"1658",1
"1659",1
"1660",1
"1661",0
"1662",0
"1663",1
"1664",7
"1665",1
"1666",0
"1667",2
"1668",1
"1669",0
"1670",1
"1671",1
"1672",3
"1673",7
"1674",2
"1675",3
"1676",1
"1677",1
"1678",1
"1679",0
"1680",0
"1681",0
"1682",0
"1683",0
"1684",0
"1685",2
"1686",0
"1687",2
"1688",1
"1689",1
"1690",0
"1691",1
"1692",0
"1693",2
"1694",13
"1695",1
"1696",1
"1697",0
"1698",2
"1699",0
"1700",0
"1701",1
"1702",2
"1703",1
"1704",12
"1705",1
"1706",3
"1707",1
"1708",0
"1709",2
"1710",1
"1711",1
"1712",1
"1713",4
"1714",0
"1715",3
"1716",0
"1717",1
"1718",1
"1719",0
"1720",2
"1721",2
"1722",0
"1723",0
"1724",4
"1725",3
"1726",0
"1727",1
"1728",0
"1729",0
"1730",1
"1731",0
"1732",1
"1733",1
"1734",1
"1735",6
"1736",2
"1737",1
"1738",0
"1739",1
"1740",1
"1741",1
"1742",3
"1743",1
"1744",1
"1745",3
"1746",1
"1747",2
"1748",0
"1749",0
"1750",1
"1751",1
"1752",2
"1753",1
"1754",1
"1755",4
"1756",1
"1757",2
"1758",3
"1759",1
"1760",6
"1761",1
"1762",0
"1763",1
"1764",2
"1765",1
"1766",0
"1767",4
"1768",1
"1769",1
"1770",1
"1771",0
"1772",0
"1773",1
"1774",4
"1775",1
"1776",4
"1777",1
"1778",0
"1779",0
"1780",5
"1781",0
"1782",1
"1783",1
"1784",0
"1785",1
"1786",5
"1787",2
"1788",0
"1789",0
"1790",3
"1791",0
"1792",0
"1793",0
"1794",0
"1795",0
"1796",1
"1797",4
"1798",0
"1799",6
"1800",1
"1801",1
"1802",1
"1803",1
"1804",2
"1805",1
"1806",0
"1807",1
"1808",6
"1809",1
"1810",0
"1811",4
"1812",1
"1813",3
"1814",12
"1815",0
"1816",3
"1817",0
"1818",1
"1819",0
"1820",0
"1821",0
"1822",3
"1823",1
"1824",0
"1825",4
"1826",2
"1827",7
"1828",1
"1829",2
"1830",1
"1831",1
"1832",1
"1833",1
"1834",0
"1835",4
"1836",1
"1837",1
"1838",0
"1839",1
"1840",1
"1841",0
"1842",0
"1843",1
"1844",2
"1845",1
"1846",1
"1847",3
"1848",1
"1849",2
"1850",2
"1851",1
"1852",1
"1853",20
"1854",11
"1855",2
"1856",7
"1857",1
"1858",1
"1859",1
"1860",1
"1861",0
"1862",1
"1863",2
"1864",2
"1865",1
"1866",0
"1867",1
"1868",1
"1869",0
"1870",10
"1871",1
"1872",3
"1873",5
"1874",2
"1875",2
"1876",6
"1877",1
"1878",0
"1879",6
"1880",0
"1881",1
"1882",2
"1883",1
"1884",1
"1885",6
"1886",1
"1887",4
"1888",0
"1889",0
"1890",0
"1891",0
"1892",1
"1893",0
"1894",0
"1895",1
"1896",1
"1897",0
"1898",0
"1899",1
"1900",1
"1901",1
"1902",1
"1903",3
"1904",0
"1905",5
"1906",0
"1907",0
"1908",1
"1909",1
"1910",2
"1911",2
"1912",1
"1913",0
"1914",2
"1915",2
"1916",3
"1917",1
"1918",4
"1919",0
"1920",1
"1921",0
"1922",1
"1923",0
"1924",0
"1925",1
"1926",1
"1927",1
"1928",1
"1929",1
"1930",2
"1931",0
"1932",1
"1933",3
"1934",4
"1935",1
"1936",3
"1937",3
"1938",1
"1939",0
"1940",1
"1941",1
"1942",1
"1943",0
"1944",2
"1945",1
"1946",0
"1947",1
"1948",3
"1949",1
"1950",1
"1951",1
"1952",0
"1953",2
"1954",3
"1955",1
"1956",1
"1957",2
"1958",1
"1959",1
"1960",1
"1961",1
"1962",0
"1963",2
"1964",1
"1965",2
"1966",4
"1967",2
"1968",6
"1969",1
"1970",1
"1971",1
"1972",5
"1973",4
"1974",1
"1975",1
"1976",1
"1977",1
"1978",1
"1979",0
"1980",0
"1981",0
"1982",1
"1983",0
"1984",1
"1985",1
"1986",1
"1987",0
"1988",6
"1989",1
"1990",3
"1991",11
"1992",0
"1993",1
"1994",0
"1995",0
"1996",1
"1997",0
"1998",4
"1999",1
"2000",1
"2001",1
"2002",0
"2003",1
"2004",2
"2005",3
"2006",0
"2007",2
"2008",7
"2009",0
"2010",2
"2011",1
"2012",0
"2013",1
"2014",9
"2015",2
"2016",5
"2017",6
"2018",1
"2019",1
"2020",1
"2021",1
"2022",0
"2023",1
"2024",11
"2025",1
"2026",1
"2027",2
"2028",1
"2029",0
"2030",1
"2031",0
"2032",0
"2033",1
"2034",2
"2035",1
"2036",0
"2037",0
"2038",18
"2039",1
"2040",2
"2041",1
"2042",1
"2043",0
"2044",2
"2045",2
"2046",4
"2047",1
"2048",0
"2049",1
"2050",1
"2051",1
"2052",0
"2053",2
"2054",0
"2055",1
"2056",0
"2057",0
"2058",15
"2059",0
"2060",0
"2061",0
"2062",0
"2063",3
"2064",0
"2065",1
"2066",0
"2067",1
"2068",0
"2069",0
"2070",5
"2071",1
"2072",0
"2073",0
"2074",1
"2075",0
"2076",1
"2077",0
"2078",2
"2079",0
"2080",2
"2081",0
"2082",2
"2083",1
"2084",2
"2085",4
"2086",2
"2087",5
"2088",2
"2089",0
"2090",2
"2091",0
"2092",1
"2093",3
"2094",2
"2095",5
"2096",1
"2097",5
"2098",1
"2099",3
"2100",1
"2101",1
"2102",2
"2103",1
"2104",3
"2105",1
"2106",8
"2107",1
"2108",0
"2109",1
"2110",0
"2111",0
"2112",1
"2113",0
"2114",2
"2115",3
"2116",1
"2117",2
"2118",0
"2119",1
"2120",0
"2121",1
"2122",0
"2123",1
"2124",0
"2125",3
"2126",0
"2127",1
"2128",1
"2129",1
"2130",6
"2131",0
"2132",2
"2133",8
"2134",2
"2135",2
"2136",1
"2137",2
"2138",0
"2139",1
"2140",0
"2141",0
"2142",0
"2143",0
"2144",0
"2145",1
"2146",0
"2147",1
"2148",4
"2149",1
"2150",0
"2151",1
"2152",0
"2153",6
"2154",0
"2155",1
"2156",0
"2157",1
"2158",1
"2159",1
"2160",0
"2161",1
"2162",1
"2163",0
"2164",5
"2165",1
"2166",2
"2167",0
"2168",2
"2169",0
"2170",1
"2171",0
"2172",1
"2173",1
"2174",1
"2175",1
"2176",2
"2177",1
"2178",1
"2179",1
"2180",0
"2181",2
"2182",2
"2183",0
"2184",3
"2185",1
"2186",2
"2187",1
"2188",0
"2189",1
"2190",1
"2191",1
"2192",1
"2193",0
"2194",2
"2195",0
"2196",1
"2197",1
"2198",5
"2199",2
"2200",1
"2201",0
"2202",1
"2203",1
"2204",0
"2205",0
"2206",1
"2207",1
"2208",0
"2209",2
"2210",0
"2211",1
"2212",1
"2213",0
"2214",0
"2215",0
"2216",1
"2217",1
"2218",1
"2219",5
"2220",1
"2221",2
"2222",2
"2223",1
"2224",0
"2225",2
"2226",1
"2227",1
"2228",2
"2229",0
"2230",0
"2231",1
"2232",1
"2233",0
"2234",2
"2235",1
"2236",1
"2237",1
"2238",0
"2239",1
"2240",3
"2241",2
"2242",0
"2243",1
"2244",0
"2245",3
"2246",1
"2247",1
"2248",1
"2249",7
"2250",1
"2251",1
"2252",1
"2253",0
"2254",1
"2255",3
"2256",1
"2257",0
"2258",0
"2259",1
"2260",1
"2261",0
"2262",0
"2263",2
"2264",6
"2265",1
"2266",5
"2267",2
"2268",0
"2269",0
"2270",1
"2271",0
"2272",0
"2273",6
"2274",2
"2275",0
"2276",0
"2277",0
"2278",1
"2279",2
"2280",1
"2281",2
"2282",1
"2283",2
"2284",0
"2285",1
"2286",1
"2287",0
"2288",1
"2289",1
"2290",1
"2291",2
"2292",1
"2293",3
"2294",1
"2295",0
"2296",1
"2297",1
"2298",0
"2299",1
"2300",4
"2301",2
"2302",3
"2303",1
"2304",0
"2305",0
"2306",0
"2307",3
"2308",1
"2309",1
"2310",1
"2311",2
"2312",2
"2313",3
"2314",2
"2315",0
"2316",1
"2317",2
"2318",1
"2319",2
"2320",1
"2321",0
"2322",1
"2323",1
"2324",1
"2325",0
"2326",3
"2327",0
"2328",2
"2329",0
"2330",5
"2331",5
"2332",1
"2333",0
"2334",1
"2335",0
"2336",1
"2337",3
"2338",1
"2339",1
"2340",1
"2341",1
"2342",1
"2343",13
"2344",1
"2345",1
"2346",1
"2347",1
"2348",1
"2349",1
"2350",0
"2351",5
"2352",1
"2353",1
"2354",1
"2355",6
"2356",1
"2357",5
"2358",5
"2359",2
"2360",0
"2361",5
"2362",1
"2363",1
"2364",0
"2365",2
"2366",0
"2367",2
"2368",3
"2369",7
"2370",1
"2371",1
"2372",0
"2373",1
"2374",1
"2375",1
"2376",4
"2377",1
"2378",0
"2379",0
"2380",0
"2381",4
"2382",1
"2383",1
"2384",0
"2385",1
"2386",1
"2387",6
"2388",1
"2389",1
"2390",1
"2391",1
"2392",3
"2393",5
"2394",1
"2395",3
"2396",1
"2397",3
"2398",2
"2399",0
"2400",1
"2401",0
"2402",1
"2403",2
"2404",2
"2405",0
"2406",1
"2407",1
"2408",1
"2409",1
"2410",0
"2411",1
"2412",5
"2413",1
"2414",1
"2415",2
"2416",1
"2417",0
"2418",6
"2419",3
"2420",2
"2421",2
"2422",1
"2423",0
"2424",1
"2425",0
"2426",2
"2427",1
"2428",0
"2429",5
"2430",0
"2431",1
"2432",1
"2433",1
"2434",1
"2435",1
"2436",1
"2437",3
"2438",0
"2439",1
"2440",1
"2441",1
"2442",1
"2443",0
"2444",1
"2445",0
"2446",2
"2447",1
"2448",2
"2449",4
"2450",0
"2451",1
"2452",1
"2453",0
"2454",1
"2455",1
"2456",1
"2457",1
"2458",1
"2459",2
"2460",0
"2461",2
"2462",2
"2463",1
"2464",11
"2465",1
"2466",1
"2467",1
"2468",0
"2469",5
"2470",1
"2471",2
"2472",13
"2473",0
"2474",0
"2475",0
"2476",1
"2477",2
"2478",1
"2479",0
"2480",4
"2481",2
"2482",1
"2483",3
"2484",2
"2485",6
"2486",1
"2487",0
"2488",0
"2489",0
"2490",2
"2491",1
"2492",2
"2493",1
"2494",0
"2495",1
"2496",1
"2497",1
"2498",0
"2499",1
"2500",2
"2501",1
"2502",5
"2503",5
"2504",1
"2505",0
"2506",3
"2507",4
"2508",5
"2509",1
"2510",0
"2511",1
"2512",5
"2513",5
"2514",1
"2515",1
"2516",1
"2517",2
"2518",0
"2519",2
"2520",1
"2521",0
"2522",0
"2523",1
"2524",0
"2525",0
"2526",1
"2527",0
"2528",1
"2529",0
"2530",6
"2531",0
"2532",0
"2533",0
"2534",2
"2535",5
"2536",0
"2537",0
"2538",4
"2539",2
"2540",3
"2541",1
"2542",0
"2543",1
"2544",0
"2545",1
"2546",1
"2547",1
"2548",2
"2549",1
"2550",3
"2551",6
"2552",0
"2553",1
"2554",0
"2555",2
"2556",1
"2557",1
"2558",0
"2559",1
"2560",0
"2561",1
"2562",1
"2563",1
"2564",2
"2565",3
"2566",5
"2567",2
"2568",1
"2569",1
"2570",1
"2571",1
"2572",1
"2573",0
"2574",2
"2575",2
"2576",4
"2577",1
"2578",2
"2579",0
"2580",0
"2581",0
"2582",0
"2583",1
"2584",0
"2585",2
"2586",0
"2587",1
"2588",2
"2589",1
"2590",1
"2591",2
"2592",0
"2593",1
"2594",4
"2595",11
"2596",1
"2597",1
"2598",0
"2599",1
"2600",3
"2601",1
"2602",2
"2603",0
"2604",2
"2605",0
"2606",1
"2607",1
"2608",0
"2609",1
"2610",1
"2611",0
"2612",1
"2613",1
"2614",0
"2615",0
"2616",1
"2617",3
"2618",1
"2619",2
"2620",1
"2621",1
"2622",1
"2623",0
"2624",1
"2625",12
"2626",5
"2627",2
"2628",1
"2629",8
"2630",2
"2631",1
"2632",1
"2633",3
"2634",1
"2635",3
"2636",1
"2637",7
"2638",1
"2639",7
"2640",1
"2641",1
"2642",1
"2643",10
"2644",1
"2645",5
"2646",4
"2647",1
"2648",0
"2649",1
"2650",0
"2651",0
"2652",0
"2653",1
"2654",0
"2655",2
"2656",1
"2657",1
"2658",4
"2659",0
"2660",0
"2661",1
"2662",0
"2663",3
"2664",0
"2665",1
"2666",0
"2667",3
"2668",1
"2669",1
"2670",0
"2671",0
"2672",0
"2673",0
"2674",1
"2675",0
"2676",1
"2677",2
"2678",0
"2679",2
"2680",3
"2681",6
"2682",0
"2683",1
"2684",0
"2685",1
"2686",1
"2687",0
"2688",0
"2689",1
"2690",6
"2691",4
"2692",0
"2693",0
"2694",2
"2695",1
"2696",1
"2697",0
"2698",2
"2699",2
"2700",0
"2701",1
"2702",1
"2703",1
"2704",3
"2705",1
"2706",1
"2707",1
"2708",15
"2709",1
"2710",1
"2711",1
"2712",0
"2713",1
"2714",2
"2715",1
"2716",0
"2717",2
"2718",1
"2719",0
"2720",1
"2721",2
"2722",1
"2723",1
"2724",1
"2725",1
"2726",1
"2727",1
"2728",12
"2729",0
"2730",2
"2731",3
"2732",2
"2733",2
"2734",1
"2735",5
"2736",0
"2737",1
"2738",0
"2739",3
"2740",0
"2741",1
"2742",0
"2743",2
"2744",1
"2745",0
"2746",3
"2747",3
"2748",0
"2749",2
"2750",7
"2751",1
"2752",1
"2753",1
"2754",1
"2755",2
"2756",1
"2757",0
"2758",2
"2759",2
"2760",1
"2761",0
"2762",0
"2763",0
"2764",4
"2765",2
"2766",1
"2767",1
"2768",27
"2769",0
"2770",3
"2771",3
"2772",2
"2773",3
"2774",1
"2775",0
"2776",3
"2777",1
"2778",0
"2779",1
"2780",1
"2781",2
"2782",7
"2783",0
"2784",0
"2785",1
"2786",1
"2787",3
"2788",1
"2789",0
"2790",1
"2791",1
"2792",0
"2793",2
"2794",0
"2795",1
"2796",0
"2797",1
"2798",0
"2799",5
"2800",0
"2801",2
"2802",6
"2803",0
"2804",1
"2805",2
"2806",1
"2807",1
"2808",4
"2809",9
"2810",2
"2811",0
"2812",0
"2813",0
"2814",2
"2815",8
"2816",1
"2817",1
"2818",3
"2819",1
"2820",0
"2821",0
"2822",7
"2823",0
"2824",1
"2825",2
"2826",1
"2827",1
"2828",0
"2829",1
"2830",1
"2831",0
"2832",0
"2833",2
"2834",5
"2835",0
"2836",6
"2837",1
"2838",1
"2839",0
"2840",1
"2841",0
"2842",1
"2843",0
"2844",0
"2845",1
"2846",0
"2847",1
"2848",2
"2849",1
"2850",1
"2851",2
"2852",0
"2853",2
"2854",2
"2855",2
"2856",1
"2857",1
"2858",2
"2859",2
"2860",1
"2861",4
"2862",0
"2863",0
"2864",0
"2865",5
"2866",0
"2867",1
"2868",1
"2869",1
"2870",2
"2871",2
"2872",1
"2873",3
"2874",1
"2875",0
"2876",1
"2877",1
"2878",1
"2879",1
"2880",1
"2881",2
"2882",3
"2883",0
"2884",2
"2885",7
"2886",1
"2887",4
"2888",1
"2889",2
"2890",1
"2891",1
"2892",1
"2893",2
"2894",2
"2895",1
"2896",0
"2897",1
"2898",2
"2899",3
"2900",12
"2901",1
"2902",3
"2903",5
"2904",2
"2905",0
"2906",2
"2907",1
"2908",0
"2909",0
"2910",0
"2911",2
"2912",1
"2913",1
"2914",1
"2915",1
"2916",1
"2917",2
"2918",1
"2919",6
"2920",2
"2921",0
"2922",1
"2923",0
"2924",1
"2925",1
"2926",1
"2927",2
"2928",2
"2929",0
"2930",1
"2931",1
"2932",0
"2933",2
"2934",1
"2935",2
"2936",2
"2937",1
"2938",3
"2939",0
"2940",0
"2941",1
"2942",0
"2943",6
"2944",1
"2945",1
"2946",1
"2947",0
"2948",2
"2949",2
"2950",1
"2951",0
"2952",2
"2953",1
"2954",1
"2955",1
"2956",1
"2957",0
"2958",0
"2959",6
"2960",2
"2961",0
"2962",0
"2963",1
"2964",4
"2965",3
"2966",2
"2967",3
"2968",1
"2969",4
"2970",1
"2971",3
"2972",0
"2973",0
"2974",1
"2975",1
"2976",1
"2977",1
"2978",2
"2979",1
"2980",0
"2981",1
"2982",8
"2983",1
"2984",0
"2985",2
"2986",2
"2987",1
"2988",1
"2989",0
"2990",2
"2991",1
"2992",6
"2993",1
"2994",1
"2995",0
"2996",2
"2997",1
"2998",0
"2999",1
"3000",0
"3001",0
"3002",3
"3003",3
"3004",1
"3005",0
"3006",3
"3007",1
"3008",0
"3009",0
"3010",1
"3011",0
"3012",3
"3013",2
"3014",0
"3015",0
"3016",1
"3017",1
"3018",1
"3019",1
"3020",1
"3021",2
"3022",1
"3023",1
"3024",1
"3025",1
"3026",1
"3027",0
"3028",7
"3029",4
"3030",0
"3031",1
"3032",3
"3033",0
"3034",2
"3035",0
"3036",0
"3037",1
"3038",1
"3039",1
"3040",0
"3041",4
"3042",2
"3043",1
"3044",1
"3045",5
"3046",0
"3047",1
"3048",1
"3049",1
"3050",1
"3051",2
"3052",1
"3053",3
"3054",4
"3055",4
"3056",2
"3057",0
"3058",0
"3059",4
"3060",2
"3061",0
"3062",6
"3063",4
"3064",1
"3065",1
"3066",1
"3067",1
"3068",5
"3069",0
"3070",3
"3071",0
"3072",1
"3073",3
"3074",1
"3075",0
"3076",0
"3077",1
"3078",0
"3079",1
"3080",1
"3081",2
"3082",1
"3083",4
"3084",1
"3085",1
"3086",0
"3087",4
"3088",0
"3089",1
"3090",1
"3091",1
"3092",2
"3093",3
"3094",1
"3095",1
"3096",0
"3097",12
"3098",1
"3099",2
"3100",0
"3101",3
"3102",1
"3103",0
"3104",2
"3105",1
"3106",1
"3107",8
"3108",0
"3109",0
"3110",2
"3111",1
"3112",1
"3113",2
"3114",5
"3115",15
"3116",1
"3117",0
"3118",1
"3119",2
"3120",4
"3121",1
"3122",1
"3123",2
"3124",2
"3125",3
"3126",1
"3127",5
"3128",0
"3129",1
"3130",2
"3131",0
"3132",0
"3133",1
"3134",2
"3135",11
"3136",7
"3137",0
"3138",2
"3139",2
"3140",3
"3141",1
"3142",1
"3143",5
"3144",1
"3145",0
"3146",2
"3147",1
"3148",1
"3149",0
"3150",3
"3151",3
"3152",1
"3153",0
"3154",2
"3155",3
"3156",1
"3157",1
"3158",0
"3159",0
"3160",0
"3161",1
"3162",0
"3163",4
"3164",3
"3165",0
"3166",0
"3167",0
"3168",3
"3169",1
"3170",2
"3171",3
"3172",0
"3173",1
"3174",2
"3175",3
"3176",1
"3177",4
"3178",3
"3179",3
"3180",0
"3181",1
"3182",1
"3183",3
"3184",0
"3185",3
"3186",2
"3187",0
"3188",7
"3189",0
"3190",0
"3191",1
"3192",1
"3193",6
"3194",1
"3195",0
"3196",2
"3197",7
"3198",1
"3199",5
"3200",1
"3201",1
"3202",1
"3203",0
"3204",1
"3205",1
"3206",0
"3207",2
"3208",4
"3209",0
"3210",0
"3211",2
"3212",2
"3213",4
"3214",1
"3215",1
"3216",3
"3217",5
"3218",0
"3219",3
"3220",1
"3221",2
"3222",1
"3223",2
"3224",1
"3225",1
"3226",1
"3227",8
"3228",0
"3229",1
"3230",1
"3231",0
"3232",0
"3233",2
"3234",3
"3235",0
"3236",1
"3237",0
"3238",1
"3239",2
"3240",0
"3241",5
"3242",2
"3243",14
"3244",2
"3245",9
"3246",0
"3247",0
"3248",2
"3249",1
"3250",1
"3251",1
"3252",0
"3253",2
"3254",4
"3255",2
"3256",0
"3257",1
"3258",1
"3259",1
"3260",3
"3261",0
"3262",1
"3263",0
"3264",2
"3265",1
"3266",3
"3267",0
"3268",1
"3269",1
"3270",3
"3271",1
"3272",0
"3273",1
"3274",3
"3275",2
"3276",4
"3277",2
"3278",1
"3279",2
"3280",1
"3281",0
"3282",2
"3283",2
"3284",1
"3285",2
"3286",4
"3287",0
"3288",1
"3289",1
"3290",1
"3291",2
"3292",2
"3293",1
"3294",5
"3295",1
"3296",1
"3297",0
"3298",1
"3299",3
"3300",0
"3301",14
"3302",1
"3303",0
"3304",3
"3305",3
"3306",1
"3307",1
"3308",2
"3309",1
"3310",0
"3311",1
"3312",2
"3313",2
"3314",2
"3315",1
"3316",1
"3317",4
"3318",0
"3319",2
"3320",1
"3321",2
"3322",0
"3323",1
"3324",1
"3325",0
"3326",1
"3327",2
"3328",0
"3329",1
"3330",1
"3331",1
"3332",1
"3333",1
"3334",1
"3335",2
"3336",2
"3337",0
"3338",1
"3339",0
"3340",0
"3341",2
"3342",6
"3343",3
"3344",2
"3345",5
"3346",1
"3347",1
"3348",1
"3349",1
"3350",3
"3351",1
"3352",1
"3353",6
"3354",7
"3355",1
"3356",2
"3357",8
"3358",0
"3359",6
"3360",1
"3361",1
"3362",0
"3363",0
"3364",1
"3365",2
"3366",1
"3367",0
"3368",1
"3369",0
"3370",2
"3371",0
"3372",1
"3373",1
"3374",1
"3375",0
"3376",3
"3377",2
"3378",1
"3379",1
"3380",1
"3381",2
"3382",0
"3383",1
"3384",2
"3385",1
"3386",3
"3387",1
"3388",6
"3389",2
"3390",0
"3391",0
"3392",27
"3393",1
"3394",14
"3395",1
"3396",2
"3397",1
"3398",0
"3399",2
"3400",1
"3401",1
"3402",3
"3403",2
"3404",2
"3405",2
"3406",1
"3407",1
"3408",1
"3409",1
"3410",2
"3411",0
"3412",1
"3413",3
"3414",0
"3415",2
"3416",1
"3417",0
"3418",2
"3419",0
"3420",6
"3421",1
"3422",6
"3423",0
"3424",1
"3425",0
"3426",1
"3427",2
"3428",1
"3429",0
"3430",2
"3431",1
"3432",2
"3433",0
"3434",1
"3435",3
"3436",1
"3437",1
"3438",1
"3439",0
"3440",3
"3441",0
"3442",1
"3443",1
"3444",6
"3445",1
"3446",1
"3447",1
"3448",1
"3449",1
"3450",1
"3451",4
"3452",14
"3453",3
"3454",0
"3455",1
"3456",0
"3457",0
"3458",0
"3459",0
"3460",8
"3461",0
"3462",0
"3463",0
"3464",1
"3465",4
"3466",2
"3467",1
"3468",2
"3469",1
"3470",2
"3471",2
"3472",0
"3473",0
"3474",1
"3475",2
"3476",4
"3477",1
"3478",0
"3479",0
"3480",1
"3481",0
"3482",7
"3483",0
"3484",1
"3485",0
"3486",0
"3487",3
"3488",1
"3489",2
"3490",2
"3491",1
"3492",1
"3493",0
"3494",0
"3495",11
"3496",0
"3497",2
"3498",0
"3499",3
"3500",1
"3501",0
"3502",1
"3503",1
"3504",2
"3505",1
"3506",1
"3507",1
"3508",0
"3509",1
"3510",1
"3511",2
"3512",5
"3513",1
"3514",0
"3515",1
"3516",1
"3517",2
"3518",1
"3519",1
"3520",1
"3521",1
"3522",1
"3523",0
"3524",0
"3525",2
"3526",2
"3527",2
"3528",1
"3529",1
"3530",1
"3531",2
"3532",0
"3533",1
"3534",2
"3535",0
"3536",1
"3537",1
"3538",1
"3539",0
"3540",0
"3541",1
"3542",4
"3543",3
"3544",1
"3545",2
"3546",2
"3547",4
"3548",8
"3549",2
"3550",0
"3551",13
"3552",1
"3553",3
"3554",1
"3555",1
"3556",1
"3557",0
"3558",2
"3559",1
"3560",0
"3561",2
"3562",1
"3563",3
"3564",2
"3565",1
"3566",1
"3567",2
"3568",1
"3569",1
"3570",0
"3571",6
"3572",1
"3573",1
"3574",3
"3575",1
"3576",0
"3577",3
"3578",4
"3579",3
"3580",1
"3581",0
"3582",1
"3583",3
"3584",4
"3585",0
"3586",1
"3587",1
"3588",1
"3589",4
"3590",0
"3591",1
"3592",1
"3593",0
"3594",1
"3595",1
"3596",1
"3597",0
"3598",0
"3599",1
"3600",1
"3601",7
"3602",3
"3603",1
"3604",1
"3605",1
"3606",0
"3607",0
"3608",0
"3609",1
"3610",0
"3611",1
"3612",2
"3613",1
"3614",0
"3615",1
"3616",1
"3617",1
"3618",0
"3619",10
"3620",3
"3621",11
"3622",1
"3623",2
"3624",1
"3625",2
"3626",9
"3627",10
"3628",1
"3629",1
"3630",1
"3631",3
"3632",0
"3633",1
"3634",6
"3635",1
"3636",0
"3637",1
"3638",1
"3639",1
"3640",3
"3641",1
"3642",0
"3643",0
"3644",3
"3645",1
"3646",1
"3647",1
"3648",0
"3649",2
"3650",0
"3651",0
"3652",1
"3653",3
"3654",1
"3655",0
"3656",1
"3657",1
"3658",0
"3659",0
"3660",1
"3661",1
"3662",1
"3663",6
"3664",3
"3665",1
"3666",1
"3667",2
"3668",1
"3669",3
"3670",1
"3671",1
"3672",2
"3673",1
"3674",4
"3675",3
"3676",3
"3677",5
"3678",2
"3679",2
"3680",1
"3681",1
"3682",0
"3683",2
"3684",0
"3685",0
"3686",2
"3687",1
"3688",1
"3689",0
"3690",1
"3691",1
"3692",0
"3693",0
"3694",0
"3695",2
"3696",1
"3697",0
"3698",0
"3699",1
"3700",2
"3701",0
"3702",0
"3703",1
"3704",0
"3705",2
"3706",0
"3707",0
"3708",0
"3709",1
"3710",1
"3711",0
"3712",1
"3713",2
"3714",0
"3715",1
"3716",2
"3717",1
"3718",5
"3719",1
"3720",3
"3721",1
"3722",1
"3723",1
"3724",1
"3725",1
"3726",1
"3727",0
"3728",2
"3729",0
"3730",1
"3731",0
"3732",2
"3733",0
"3734",3
"3735",3
"3736",1
"3737",1
"3738",0
"3739",2
"3740",7
"3741",2
"3742",0
"3743",3
"3744",0
"3745",0
"3746",1
"3747",2
"3748",1
"3749",3
"3750",4
"3751",3
"3752",0
"3753",1
"3754",1
"3755",3
"3756",5
"3757",0
"3758",2
"3759",4
"3760",2
"3761",0
"3762",0
"3763",1
"3764",0
"3765",2
"3766",3
"3767",3
"3768",2
"3769",0
"3770",0
"3771",1
"3772",1
"3773",1
"3774",1
"3775",0
"3776",1
"3777",1
"3778",5
"3779",1
"3780",2
"3781",6
"3782",2
"3783",3
"3784",0
"3785",2
"3786",0
"3787",1
"3788",1
"3789",3
"3790",0
"3791",1
"3792",0
"3793",1
"3794",4
"3795",5
"3796",1
"3797",0
"3798",1
"3799",0
"3800",1
"3801",0
"3802",4
"3803",0
"3804",2
"3805",1
"3806",2
"3807",2
"3808",2
"3809",1
"3810",0
"3811",0
"3812",0
"3813",0
"3814",0
"3815",0
"3816",0
"3817",3
"3818",6
"3819",2
"3820",1
"3821",12
"3822",1
"3823",2
"3824",2
"3825",0
"3826",6
"3827",1
"3828",1
"3829",1
"3830",1
"3831",0
"3832",0
"3833",1
"3834",1
"3835",1
"3836",5
"3837",1
"3838",2
"3839",3
"3840",2
"3841",1
"3842",1
"3843",0
"3844",1
"3845",0
"3846",1
"3847",0
"3848",0
"3849",1
"3850",6
"3851",3
"3852",0
"3853",15
"3854",1
"3855",1
"3856",1
"3857",1
"3858",3
"3859",0
"3860",3
"3861",1
"3862",0
"3863",1
"3864",1
"3865",0
"3866",1
"3867",3
"3868",0
"3869",1
"3870",2
"3871",0
"3872",3
"3873",3
"3874",3
"3875",1
"3876",8
"3877",0
"3878",1
"3879",1
"3880",6
"3881",1
"3882",4
"3883",1
"3884",2
"3885",2
"3886",3
"3887",2
"3888",1
"3889",2
"3890",1
"3891",0
"3892",1
"3893",0
"3894",1
"3895",1
"3896",1
"3897",2
"3898",0
"3899",0
"3900",2
"3901",2
"3902",3
"3903",2
"3904",1
"3905",1
"3906",0
"3907",0
"3908",1
"3909",1
"3910",2
"3911",0
"3912",1
"3913",3
"3914",1
"3915",0
"3916",5
"3917",2
"3918",3
"3919",1
"3920",1
"3921",1
"3922",1
"3923",1
"3924",1
"3925",1
"3926",1
"3927",2
"3928",2
"3929",0
"3930",2
"3931",2
"3932",1
"3933",1
"3934",3
"3935",1
"3936",1
"3937",0
"3938",4
"3939",1
"3940",1
"3941",1
"3942",2
"3943",1
"3944",1
"3945",0
"3946",5
"3947",0
"3948",2
"3949",1
"3950",0
"3951",2
"3952",1
"3953",1
"3954",1
"3955",0
"3956",0
"3957",1
"3958",2
"3959",1
"3960",1
"3961",9
"3962",4
"3963",3
"3964",1
"3965",1
"3966",3
"3967",2
"3968",2
"3969",0
"3970",1
"3971",2
"3972",0
"3973",3
"3974",0
"3975",2
"3976",0
"3977",1
"3978",0
"3979",2
"3980",4
"3981",1
"3982",2
"3983",1
"3984",0
"3985",4
"3986",0
"3987",2
"3988",1
"3989",0
"3990",0
"3991",1
"3992",1
"3993",1
"3994",1
"3995",0
"3996",2
"3997",1
"3998",0
"3999",2
"4000",0
"4001",5
"4002",0
"4003",0
"4004",1
"4005",2
"4006",1
"4007",1
"4008",0
"4009",1
"4010",0
"4011",1
"4012",2
"4013",0
"4014",2
"4015",1
"4016",4
"4017",1
"4018",1
"4019",1
"4020",1
"4021",2
"4022",2
"4023",1
"4024",0
"4025",1
"4026",3
"4027",1
"4028",0
"4029",1
"4030",1
"4031",0
"4032",1
"4033",0
"4034",0
"4035",0
"4036",0
"4037",1
"4038",5
"4039",2
"4040",1
"4041",0
"4042",0
"4043",1
"4044",1
"4045",1
"4046",6
"4047",0
"4048",2
"4049",0
"4050",0
"4051",1
"4052",0
"4053",1
"4054",6
"4055",5
"4056",0
"4057",3
"4058",1
"4059",2
"4060",7
"4061",2
"4062",1
"4063",3
"4064",0
"4065",0
"4066",0
"4067",1
"4068",1
"4069",1
"4070",0
"4071",2
"4072",3
"4073",3
"4074",1
"4075",1
"4076",4
"4077",1
"4078",3
"4079",1
"4080",1
"4081",1
"4082",5
"4083",1
"4084",1
"4085",3
"4086",1
"4087",1
"4088",1
"4089",0
"4090",1
"4091",1
"4092",3
"4093",1
"4094",1
"4095",0
"4096",2
"4097",2
"4098",3
"4099",0
"4100",0
"4101",0
"4102",0
"4103",2
"4104",0
"4105",2
"4106",1
"4107",0
"4108",3
"4109",1
"4110",0
"4111",1
"4112",0
"4113",0
"4114",1
"4115",0
"4116",2
"4117",4
"4118",2
"4119",1
"4120",1
"4121",0
"4122",0
"4123",1
"4124",0
"4125",1
"4126",0
"4127",1
"4128",2
"4129",1
"4130",1
"4131",1
"4132",0
"4133",4
"4134",4
"4135",1
"4136",2
"4137",2
"4138",0
"4139",0
"4140",1
"4141",1
"4142",1
"4143",2
"4144",1
"4145",0
"4146",2
"4147",2
"4148",0
"4149",1
"4150",1
"4151",1
"4152",1
"4153",0
"4154",0
"4155",1
"4156",1
"4157",1
"4158",0
"4159",2
"4160",1
"4161",1
"4162",1
"4163",5
"4164",1
"4165",0
"4166",2
"4167",1
"4168",2
"4169",5
"4170",1
"4171",1
"4172",3
"4173",2
"4174",1
"4175",2
"4176",1
"4177",0
"4178",1
"4179",2
"4180",2
"4181",3
"4182",5
"4183",5
"4184",0
"4185",1
"4186",5
"4187",5
"4188",1
"4189",1
"4190",0
"4191",1
"4192",2
"4193",1
"4194",2
"4195",2
"4196",1
"4197",0
"4198",1
"4199",4
"4200",2
"4201",3
"4202",9
"4203",1
"4204",1
"4205",1
"4206",1
"4207",0
"4208",1
"4209",0
"4210",2
"4211",2
"4212",0
"4213",4
"4214",1
"4215",1
"4216",3
"4217",1
"4218",6
"4219",2
"4220",1
"4221",1
"4222",0
"4223",1
"4224",0
"4225",0
"4226",0
"4227",11
"4228",5
"4229",3
"4230",1
"4231",1
"4232",1
"4233",3
"4234",0
"4235",1
"4236",2
"4237",1
"4238",0
"4239",4
"4240",3
"4241",5
"4242",2
"4243",0
"4244",2
"4245",1
"4246",1
"4247",7
"4248",1
"4249",1
"4250",2
"4251",0
"4252",0
"4253",1
"4254",0
"4255",3
"4256",0
"4257",0
"4258",1
"4259",1
"4260",1
"4261",1
"4262",1
"4263",1
"4264",1
"4265",0
"4266",1
"4267",4
"4268",1
"4269",5
"4270",1
"4271",1
"4272",0
"4273",1
"4274",6
"4275",1
"4276",1
"4277",0
"4278",1
"4279",2
"4280",5
"4281",1
"4282",0
"4283",1
"4284",1
"4285",2
"4286",3
"4287",1
"4288",0
"4289",0
"4290",1
"4291",4
"4292",0
"4293",2
"4294",2
"4295",2
"4296",1
"4297",2
"4298",0
"4299",1
"4300",1
"4301",2
"4302",0
"4303",1
"4304",0
"4305",1
"4306",1
"4307",1
"4308",0
"4309",0
"4310",2
"4311",2
"4312",0
"4313",0
"4314",0
"4315",3
"4316",3
"4317",5
"4318",1
"4319",7
"4320",4
"4321",1
"4322",1
"4323",0
"4324",3
"4325",0
"4326",2
"4327",1
"4328",2
"4329",0
"4330",1
"4331",1
"4332",4
"4333",1
"4334",0
"4335",1
"4336",0
"4337",2
"4338",2
"4339",3
"4340",6
"4341",1
"4342",2
"4343",0
"4344",0
"4345",0
"4346",0
"4347",1
"4348",0
"4349",0
"4350",1
"4351",1
"4352",0
"4353",2
"4354",2
"4355",0
"4356",2
"4357",0
"4358",1
"4359",1
"4360",3
"4361",0
"4362",0
"4363",1
"4364",1
"4365",3
"4366",2
"4367",3
"4368",0
"4369",2
"4370",0
"4371",2
"4372",3
"4373",1
"4374",0
"4375",7
"4376",1
"4377",2
"4378",1
"4379",0
"4380",1
"4381",1
"4382",0
"4383",1
"4384",1
"4385",0
"4386",2
"4387",2
"4388",1
"4389",5
"4390",0
"4391",2
"4392",6
"4393",0
"4394",1
"4395",1
"4396",1
"4397",2
"4398",3
"4399",1
"4400",0
"4401",1
"4402",2
"4403",3
"4404",2
"4405",1
"4406",0
"4407",0
"4408",1
"4409",8
"4410",10
"4411",0
"4412",1
"4413",0
"4414",1
"4415",1
"4416",2
"4417",0
"4418",9
"4419",2
"4420",1
"4421",1
"4422",1
"4423",0
"4424",0
"4425",4
"4426",0
"4427",0
"4428",3
"4429",0
"4430",0
"4431",1
"4432",1
"4433",0
"4434",0
"4435",1
"4436",6
"4437",1
"4438",0
"4439",20
"4440",1
"4441",1
"4442",0
"4443",3
"4444",1
"4445",1
"4446",0
"4447",0
"4448",2
"4449",0
"4450",0
"4451",1
"4452",3
"4453",1
"4454",3
"4455",1
"4456",1
"4457",1
"4458",1
"4459",1
"4460",1
"4461",2
"4462",1
"4463",0
"4464",2
"4465",5
"4466",3
"4467",1
"4468",0
"4469",1
"4470",1
"4471",0
"4472",4
"4473",1
"4474",0
"4475",1
"4476",0
"4477",3
"4478",2
"4479",3
"4480",5
"4481",1
"4482",4
"4483",1
"4484",4
"4485",1
"4486",2
"4487",1
"4488",0
"4489",2
"4490",2
"4491",1
"4492",1
"4493",1
"4494",1
"4495",2
"4496",1
"4497",2
"4498",1
"4499",1
"4500",0
"4501",1
"4502",2
"4503",12
"4504",1
"4505",0
"4506",0
"4507",6
"4508",16
"4509",0
"4510",1
"4511",2
"4512",1
"4513",1
"4514",0
"4515",2
"4516",1
"4517",1
"4518",0
"4519",1
"4520",1
"4521",0
"4522",1
"4523",1
"4524",5
"4525",6
"4526",2
"4527",1
"4528",0
"4529",1
"4530",2
"4531",1
"4532",0
"4533",3
"4534",10
"4535",1
"4536",2
"4537",2
"4538",2
"4539",7
"4540",1
"4541",1
"4542",1
"4543",1
"4544",1
"4545",1
"4546",0
"4547",0
"4548",1
"4549",2
"4550",3
"4551",3
"4552",1
"4553",0
"4554",1
"4555",5
"4556",1
"4557",1
"4558",6
"4559",1
"4560",7
"4561",3
"4562",0
"4563",1
"4564",2
"4565",0
"4566",1
"4567",0
"4568",0
"4569",1
"4570",1
"4571",1
"4572",5
"4573",1
"4574",1
"4575",0
"4576",1
"4577",0
"4578",1
"4579",0
"4580",7
"4581",1
"4582",0
"4583",2
"4584",1
"4585",1
"4586",1
"4587",2
"4588",1
"4589",2
"4590",1
"4591",4
"4592",1
"4593",1
"4594",2
"4595",4
"4596",2
"4597",1
"4598",1
"4599",1
"4600",0
"4601",1
"4602",1
"4603",0
"4604",0
"4605",1
"4606",1
"4607",3
"4608",1
"4609",2
"4610",0
"4611",0
"4612",0
"4613",1
"4614",1
"4615",1
"4616",1
"4617",6
"4618",0
"4619",5
"4620",3
"4621",1
"4622",2
"4623",5
"4624",1
"4625",1
"4626",1
"4627",2
"4628",2
"4629",2
"4630",0
"4631",1
"4632",1
"4633",1
"4634",0
"4635",2
"4636",2
"4637",0
"4638",1
"4639",0
"4640",1
"4641",2
"4642",3
"4643",7
"4644",3
"4645",2
"4646",2
"4647",1
"4648",1
"4649",1
"4650",1
"4651",4
"4652",1
"4653",2
"4654",4
"4655",2
"4656",0
"4657",1
"4658",0
"4659",2
"4660",7
"4661",10
"4662",2
"4663",1
"4664",1
"4665",1
"4666",0
"4667",4
"4668",4
"4669",1
"4670",1
"4671",10
"4672",2
"4673",0
"4674",0
"4675",0
"4676",0
"4677",3
"4678",2
"4679",1
"4680",1
"4681",0
"4682",10
"4683",2
"4684",10
"4685",1
"4686",3
"4687",1
"4688",1
"4689",0
"4690",2
"4691",0
"4692",0
"4693",2
"4694",0
"4695",7
"4696",1
"4697",5
"4698",0
"4699",1
"4700",1
"4701",0
"4702",1
"4703",1
"4704",1
"4705",7
"4706",1
"4707",1
"4708",1
"4709",2
"4710",2
"4711",1
"4712",1
"4713",1
"4714",1
"4715",2
"4716",0
"4717",0
"4718",1
"4719",1
"4720",3
"4721",12
"4722",0
"4723",1
"4724",1
"4725",0
"4726",0
"4727",2
"4728",1
"4729",1
"4730",1
"4731",2
"4732",1
"4733",1
"4734",2
"4735",2
"4736",0
"4737",2
"4738",1
"4739",0
"4740",1
"4741",4
"4742",0
"4743",0
"4744",0
"4745",2
"4746",1
"4747",4
"4748",3
"4749",1
"4750",0
"4751",1
"4752",0
"4753",4
"4754",5
"4755",1
"4756",2
"4757",0
"4758",6
"4759",0
"4760",1
"4761",2
"4762",0
"4763",1
"4764",1
"4765",1
"4766",1
"4767",1
"4768",2
"4769",4
"4770",1
"4771",2
"4772",0
"4773",1
"4774",2
"4775",1
"4776",1
"4777",1
"4778",1
"4779",1
"4780",2
"4781",1
"4782",0
"4783",2
"4784",1
"4785",1
"4786",2
"4787",8
"4788",1
"4789",2
"4790",1
"4791",7
"4792",0
"4793",1
"4794",1
"4795",1
"4796",1
"4797",1
"4798",1
"4799",0
"4800",0
"4801",1
"4802",7
"4803",0
"4804",0
"4805",0
"4806",0
"4807",8
"4808",6
"4809",5
"4810",2
"4811",1
"4812",4
"4813",2
"4814",1
"4815",0
"4816",0
"4817",1
"4818",0
"4819",1
"4820",1
"4821",0
"4822",1
"4823",1
"4824",1
"4825",1
"4826",0
"4827",1
"4828",4
"4829",1
"4830",1
"4831",0
"4832",0
"4833",0
"4834",1
"4835",0
"4836",0
"4837",1
"4838",3
"4839",1
"4840",3
"4841",1
"4842",1
"4843",1
"4844",0
"4845",1
"4846",2
"4847",1
"4848",1
"4849",0
"4850",2
"4851",1
"4852",5
"4853",2
"4854",0
"4855",6
"4856",1
"4857",0
"4858",3
"4859",1
"4860",0
"4861",0
"4862",2
"4863",1
"4864",2
"4865",1
"4866",1
"4867",1
"4868",0
"4869",0
"4870",1
"4871",1
"4872",1
"4873",1
"4874",0
"4875",2
"4876",0
"4877",1
"4878",4
"4879",1
"4880",0
"4881",0
"4882",1
"4883",0
"4884",2
"4885",3
"4886",0
"4887",0
"4888",0
"4889",2
"4890",7
"4891",4
"4892",0
"4893",1
"4894",1
"4895",0
"4896",1
"4897",3
"4898",0
"4899",1
"4900",14
"4901",1
"4902",3
"4903",2
"4904",1
"4905",3
"4906",8
"4907",3
"4908",2
"4909",1
"4910",2
"4911",5
"4912",1
"4913",2
"4914",6
"4915",1
"4916",2
"4917",0
"4918",1
"4919",0
"4920",0
"4921",2
"4922",1
"4923",1
"4924",6
"4925",2
"4926",0
"4927",2
"4928",1
"4929",1
"4930",1
"4931",14
"4932",5
"4933",2
"4934",1
"4935",2
"4936",1
"4937",2
"4938",0
"4939",5
"4940",1
"4941",0
"4942",1
"4943",1
"4944",1
"4945",4
"4946",0
"4947",2
"4948",1
"4949",7
"4950",5
"4951",2
"4952",27
"4953",0
"4954",4
"4955",1
"4956",0
"4957",2
"4958",1
"4959",2
"4960",1
"4961",2
"4962",2
"4963",1
"4964",1
"4965",15
"4966",5
"4967",1
"4968",0
"4969",1
"4970",0
"4971",1
"4972",6
"4973",2
"4974",3
"4975",4
"4976",5
"4977",3
"4978",0
"4979",0
"4980",3
"4981",0
"4982",1
"4983",1
"4984",2
"4985",1
"4986",0
"4987",1
"4988",1
"4989",1
"4990",0
"4991",0
"4992",1
"4993",6
"4994",1
"4995",1
"4996",1
"4997",3
"4998",1
"4999",1
"5000",0
"5001",1
"5002",1
"5003",6
"5004",0
"5005",0
"5006",1
"5007",1
"5008",2
"5009",2
"5010",0
"5011",2
"5012",12
"5013",1
"5014",1
"5015",0
"5016",1
"5017",7
"5018",0
"5019",0
"5020",1
"5021",0
"5022",0
"5023",0
"5024",2
"5025",0
"5026",2
"5027",5
"5028",4
"5029",1
"5030",1
"5031",1
"5032",1
"5033",2
"5034",1
"5035",1
"5036",3
"5037",0
"5038",5
"5039",4
"5040",5
"5041",2
"5042",1
"5043",1
"5044",8
"5045",6
"5046",0
"5047",0
"5048",1
"5049",0
"5050",1
"5051",4
"5052",9
"5053",1
"5054",1
"5055",0
"5056",0
"5057",1
"5058",2
"5059",1
"5060",1
"5061",0
"5062",2
"5063",7
"5064",2
"5065",6
"5066",11
"5067",0
"5068",0
"5069",0
"5070",10
"5071",2
"5072",0
"5073",2
"5074",1
"5075",1
"5076",2
"5077",3
"5078",2
"5079",1
"5080",4
"5081",1
"5082",0
"5083",1
"5084",1
"5085",1
"5086",1
"5087",2
"5088",14
"5089",0
"5090",0
"5091",1
"5092",1
"5093",0
"5094",1
"5095",1
"5096",7
"5097",4
"5098",0
"5099",0
"5100",1
"5101",1
"5102",1
"5103",1
"5104",1
"5105",8
"5106",1
"5107",0
"5108",0
"5109",1
"5110",7
"5111",0
"5112",1
"5113",1
"5114",1
"5115",2
"5116",1
"5117",0
"5118",1
"5119",0
"5120",5
"5121",2
"5122",2
"5123",3
"5124",2
"5125",2
"5126",1
"5127",1
"5128",0
"5129",2
"5130",1
"5131",1
"5132",1
"5133",1
"5134",1
"5135",1
"5136",0
"5137",1
"5138",0
"5139",2
"5140",0
"5141",4
"5142",1
"5143",0
"5144",0
"5145",1
"5146",0
"5147",0
"5148",3
"5149",1
"5150",1
"5151",3
"5152",14
"5153",0
"5154",1
"5155",2
"5156",1
"5157",2
"5158",1
"5159",3
"5160",1
"5161",2
"5162",0
"5163",0
"5164",6
"5165",4
"5166",7
"5167",1
"5168",0
"5169",2
"5170",2
"5171",1
"5172",1
"5173",1
"5174",1
"5175",1
"5176",1
"5177",0
"5178",1
"5179",5
"5180",1
"5181",1
"5182",1
"5183",5
"5184",5
"5185",4
"5186",0
"5187",1
"5188",3
"5189",1
"5190",2
"5191",2
"5192",0
"5193",2
"5194",0
"5195",1
"5196",14
"5197",1
"5198",3
"5199",0
"5200",2
"5201",0
"5202",2
"5203",3
"5204",2
"5205",1
"5206",2
"5207",1
"5208",1
"5209",2
"5210",1
"5211",2
"5212",11
"5213",1
"5214",2
"5215",5
"5216",0
"5217",0
"5218",1
"5219",0
"5220",1
"5221",1
"5222",1
"5223",3
"5224",1
"5225",2
"5226",20
"5227",1
"5228",2
"5229",1
"5230",1
"5231",1
"5232",4
"5233",2
"5234",1
"5235",9
"5236",0
"5237",0
"5238",1
"5239",1
"5240",1
"5241",2
"5242",1
"5243",1
"5244",1
"5245",1
"5246",1
"5247",2
"5248",0
"5249",4
"5250",3
"5251",1
"5252",1
"5253",1
"5254",1
"5255",0
"5256",1
"5257",1
"5258",0
"5259",2
"5260",0
"5261",2
"5262",1
"5263",2
"5264",0
"5265",0
"5266",0
"5267",3
"5268",0
"5269",1
"5270",1
"5271",0
"5272",0
"5273",1
"5274",2
"5275",0
"5276",1
"5277",5
"5278",2
"5279",3
"5280",2
"5281",1
"5282",3
"5283",1
"5284",1
"5285",1
"5286",2
"5287",1
"5288",0
"5289",0
"5290",0
"5291",3
"5292",2
"5293",1
"5294",5
"5295",1
"5296",4
"5297",0
"5298",1
"5299",4
"5300",3
"5301",10
"5302",1
"5303",1
"5304",1
"5305",3
"5306",1
"5307",1
"5308",0
"5309",1
"5310",0
"5311",2
"5312",0
"5313",2
"5314",1
"5315",3
"5316",1
"5317",2
"5318",1
"5319",0
"5320",0
"5321",1
"5322",0
"5323",3
"5324",0
"5325",1
"5326",2
"5327",1
"5328",1
"5329",0
"5330",0
"5331",1
"5332",0
"5333",5
"5334",0
"5335",0
"5336",1
"5337",0
"5338",0
"5339",1
"5340",0
"5341",1
"5342",0
"5343",3
"5344",0
"5345",0
"5346",1
"5347",1
"5348",0
"5349",0
"5350",1
"5351",0
"5352",0
"5353",1
"5354",13
"5355",3
"5356",4
"5357",0
"5358",6
"5359",1
"5360",3
"5361",2
"5362",0
"5363",1
"5364",2
"5365",1
"5366",2
"5367",1
"5368",1
"5369",2
"5370",1
"5371",3
"5372",1
"5373",3
"5374",2
"5375",3
"5376",6
"5377",6
"5378",2
"5379",0
"5380",2
"5381",1
"5382",1
"5383",3
"5384",13
"5385",0
"5386",0
"5387",1
"5388",1
"5389",1
"5390",0
"5391",2
"5392",0
"5393",2
"5394",2
"5395",6
"5396",1
"5397",1
"5398",1
"5399",1
"5400",1
"5401",1
"5402",3
"5403",1
"5404",7
"5405",2
"5406",1
"5407",0
"5408",1
"5409",0
"5410",0
"5411",2
"5412",1
"5413",0
"5414",1
"5415",1
"5416",0
"5417",5
"5418",1
"5419",1
"5420",2
"5421",0
"5422",1
"5423",2
"5424",0
"5425",1
"5426",3
"5427",0
"5428",1
"5429",6
"5430",2
"5431",2
"5432",3
"5433",1
"5434",0
"5435",2
"5436",0
"5437",1
"5438",1
"5439",1
"5440",1
"5441",0
"5442",1
"5443",4
"5444",1
"5445",1
"5446",0
"5447",1
"5448",0
"5449",2
"5450",0
"5451",1
"5452",2
"5453",0
"5454",1
"5455",1
"5456",0
"5457",3
"5458",1
"5459",0
"5460",1
"5461",1
"5462",2
"5463",1
"5464",3
"5465",1
"5466",7
"5467",2
"5468",0
"5469",0
"5470",4
"5471",0
"5472",1
"5473",0
"5474",0
"5475",1
"5476",1
"5477",4
"5478",2
"5479",1
"5480",1
"5481",1
"5482",1
"5483",1
"5484",0
"5485",0
"5486",1
"5487",0
"5488",0
"5489",1
"5490",0
"5491",1
"5492",12
"5493",1
"5494",1
"5495",1
"5496",1
"5497",1
"5498",0
"5499",3
"5500",0
"5501",2
"5502",1
"5503",0
"5504",0
"5505",0
"5506",15
"5507",2
"5508",0
"5509",1
"5510",0
"5511",0
"5512",3
"5513",1
"5514",0
"5515",1
"5516",1
"5517",1
"5518",0
"5519",0
"5520",1
"5521",2
"5522",7
"5523",1
"5524",0
"5525",0
"5526",4
"5527",5
"5528",1
"5529",3
"5530",1
"5531",1
"5532",1
"5533",0
"5534",7
"5535",1
"5536",0
"5537",1
"5538",0
"5539",1
"5540",1
"5541",3
"5542",1
"5543",2
"5544",0
"5545",1
"5546",0
"5547",0
"5548",2
"5549",3
"5550",1
"5551",7
"5552",0
"5553",2
"5554",2
"5555",1
"5556",1
"5557",6
"5558",0
"5559",1
"5560",1
"5561",0
"5562",3
"5563",6
"5564",1
"5565",2
"5566",1
"5567",3
"5568",1
"5569",1
"5570",6
"5571",0
"5572",0
"5573",0
"5574",2
"5575",0
"5576",3
"5577",1
"5578",3
"5579",1
"5580",1
"5581",1
"5582",2
"5583",0
"5584",0
"5585",1
"5586",0
"5587",1
"5588",0
"5589",1
"5590",1
"5591",0
"5592",2
"5593",1
"5594",1
"5595",4
"5596",3
"5597",1
"5598",2
"5599",2
"5600",1
"5601",0
"5602",1
"5603",1
"5604",1
"5605",2
"5606",1
"5607",2
"5608",2
"5609",4
"5610",1
"5611",1
"5612",0
"5613",1
"5614",2
"5615",1
"5616",2
"5617",3
"5618",0
"5619",1
"5620",0
"5621",10
"5622",1
"5623",0
"5624",2
"5625",0
"5626",0
"5627",1
"5628",1
"5629",0
"5630",2
"5631",1
"5632",2
"5633",1
"5634",1
"5635",13
"5636",1
"5637",0
"5638",0
"5639",0
"5640",0
"5641",0
"5642",12
"5643",10
"5644",0
"5645",1
"5646",2
"5647",1
"5648",2
"5649",2
"5650",1
"5651",1
"5652",0
"5653",2
"5654",1
"5655",2
"5656",2
"5657",2
"5658",2
"5659",2
"5660",1
"5661",1
"5662",1
"5663",6
"5664",1
"5665",1
"5666",0
"5667",0
"5668",1
"5669",0
"5670",2
"5671",1
"5672",4
"5673",7
"5674",0
"5675",1
"5676",3
"5677",1
"5678",1
"5679",0
"5680",1
"5681",1
"5682",0
"5683",1
"5684",2
"5685",0
"5686",0
"5687",0
"5688",1
"5689",0
"5690",1
"5691",2
"5692",1
"5693",9
"5694",1
"5695",0
"5696",2
"5697",0
"5698",0
"5699",0
"5700",1
"5701",2
"5702",4
"5703",0
"5704",1
"5705",1
"5706",0
"5707",2
"5708",1
"5709",0
"5710",3
"5711",0
"5712",1
"5713",2
"5714",0
"5715",0
"5716",1
"5717",1
"5718",1
"5719",0
"5720",0
"5721",1
"5722",5
"5723",1
"5724",0
"5725",3
"5726",1
"5727",0
"5728",1
"5729",1
"5730",6
"5731",1
"5732",3
"5733",1
"5734",1
"5735",2
"5736",3
"5737",2
"5738",5
"5739",4
"5740",1
"5741",0
"5742",1
"5743",0
"5744",0
"5745",3
"5746",0
"5747",1
"5748",1
"5749",1
"5750",3
"5751",1
"5752",1
"5753",6
"5754",5
"5755",1
"5756",4
"5757",1
"5758",2
"5759",0
"5760",3
"5761",0
"5762",1
"5763",0
"5764",1
"5765",0
"5766",1
"5767",2
"5768",0
"5769",1
"5770",2
"5771",7
"5772",2
"5773",4
"5774",1
"5775",0
"5776",0
"5777",4
"5778",0
"5779",1
"5780",1
"5781",1
"5782",1
"5783",0
"5784",5
"5785",9
"5786",5
"5787",1
"5788",0
"5789",1
"5790",2
"5791",1
"5792",2
"5793",2
"5794",1
"5795",1
"5796",1
"5797",2
"5798",1
"5799",0
"5800",0
"5801",1
"5802",1
"5803",4
"5804",0
"5805",2
"5806",1
"5807",2
"5808",1
"5809",1
"5810",0
"5811",0
"5812",1
"5813",4
"5814",1
"5815",0
"5816",0
"5817",2
"5818",1
"5819",1
"5820",2
"5821",0
"5822",1
"5823",1
"5824",0
"5825",0
"5826",1
"5827",1
"5828",0
"5829",1
"5830",1
"5831",0
"5832",1
"5833",0
"5834",2
"5835",8
"5836",0
"5837",1
"5838",1
"5839",0
"5840",1
"5841",1
"5842",1
"5843",0
"5844",1
"5845",1
"5846",1
"5847",2
"5848",1
"5849",1
"5850",2
"5851",1
"5852",0
"5853",3
"5854",1
"5855",1
"5856",1
"5857",2
"5858",1
"5859",2
"5860",0
"5861",0
"5862",3
"5863",0
"5864",14
"5865",0
"5866",2
"5867",1
"5868",0
"5869",1
"5870",2
"5871",1
"5872",1
"5873",1
"5874",0
"5875",0
"5876",0
"5877",1
"5878",1
"5879",1
"5880",1
"5881",3
"5882",1
"5883",0
"5884",1
"5885",5
"5886",1
"5887",2
"5888",0
"5889",1
"5890",2
"5891",1
"5892",1
"5893",1
"5894",4
"5895",2
"5896",4
"5897",3
"5898",2
"5899",0
"5900",0
"5901",1
"5902",3
"5903",3
"5904",1
"5905",4
"5906",0
"5907",2
"5908",1
"5909",4
"5910",1
"5911",1
"5912",4
"5913",1
"5914",2
"5915",0
"5916",1
"5917",1
"5918",1
"5919",3
"5920",0
"5921",1
"5922",0
"5923",3
"5924",0
"5925",2
"5926",2
"5927",2
"5928",1
"5929",1
"5930",0
"5931",1
"5932",0
"5933",5
"5934",1
"5935",1
"5936",0
"5937",1
"5938",0
"5939",0
"5940",1
"5941",1
"5942",3
"5943",0
"5944",1
"5945",1
"5946",1
"5947",1
"5948",0
"5949",1
"5950",1
"5951",0
"5952",2
"5953",0
"5954",2
"5955",0
"5956",1
"5957",5
"5958",0
"5959",2
"5960",0
"5961",0
"5962",1
"5963",1
"5964",1
"5965",0
"5966",0
"5967",0
"5968",1
"5969",2
"5970",1
"5971",3
"5972",1
"5973",3
"5974",1
"5975",0
"5976",1
"5977",7
"5978",1
"5979",5
"5980",0
"5981",0
"5982",3
"5983",0
"5984",1
"5985",4
"5986",1
"5987",2
"5988",1
"5989",1
"5990",0
"5991",2
"5992",2
"5993",1
"5994",0
"5995",2
"5996",2
"5997",0
"5998",0
"5999",6
"6000",2
"6001",1
"6002",1
"6003",2
"6004",4
"6005",3
"6006",2
"6007",2
"6008",0
"6009",1
"6010",1
"6011",1
"6012",1
"6013",0
"6014",0
"6015",0
"6016",1
"6017",0
"6018",1
"6019",0
"6020",3
"6021",1
"6022",2
"6023",1
"6024",1
"6025",18
"6026",5
"6027",1
"6028",1
"6029",1
"6030",0
"6031",2
"6032",1
"6033",1
"6034",3
"6035",1
"6036",1
"6037",1
"6038",2
"6039",3
"6040",1
"6041",1
"6042",0
"6043",0
"6044",1
"6045",1
"6046",1
"6047",1
"6048",9
"6049",0
"6050",0
"6051",0
"6052",2
"6053",1
"6054",0
"6055",5
"6056",1
"6057",1
"6058",0
"6059",1
"6060",1
"6061",1
"6062",1
"6063",1
"6064",6
"6065",1
"6066",2
"6067",2
"6068",4
"6069",1
"6070",0
"6071",0
"6072",1
"6073",1
"6074",0
"6075",2
"6076",0
"6077",1
"6078",1
"6079",0
"6080",4
"6081",1
"6082",4
"6083",0
"6084",3
"6085",1
"6086",1
"6087",1
"6088",0
"6089",1
"6090",2
"6091",0
"6092",1
"6093",1
"6094",1
"6095",0
"6096",1
"6097",0
"6098",2
"6099",1
"6100",4
"6101",4
"6102",0
"6103",4
"6104",1
"6105",4
"6106",1
"6107",1
"6108",8
"6109",6
"6110",0
"6111",0
"6112",1
"6113",1
"6114",1
"6115",3
"6116",1
"6117",1
"6118",2
"6119",3
"6120",0
"6121",0
"6122",1
"6123",2
"6124",0
"6125",0
"6126",1
"6127",1
"6128",0
"6129",2
"6130",0
"6131",1
"6132",1
"6133",1
"6134",1
"6135",0
"6136",1
"6137",4
"6138",1
"6139",1
"6140",0
"6141",0
"6142",0
"6143",1
"6144",1
"6145",1
"6146",1
"6147",2
"6148",2
"6149",1
"6150",0
"6151",0
"6152",0
"6153",1
"6154",1
"6155",1
"6156",0
"6157",1
"6158",4
"6159",2
"6160",0
"6161",3
"6162",0
"6163",1
"6164",0
"6165",6
"6166",1
"6167",2
"6168",1
"6169",7
"6170",1
"6171",2
"6172",1
"6173",4
"6174",1
"6175",3
"6176",1
"6177",0
"6178",1
"6179",0
"6180",0
"6181",5
"6182",3
"6183",0
"6184",1
"6185",0
"6186",2
"6187",2
"6188",1
"6189",1
"6190",0
"6191",1
"6192",1
"6193",1
"6194",0
"6195",0
"6196",0
"6197",1
"6198",1
"6199",1
"6200",1
"6201",0
"6202",1
"6203",1
"6204",2
"6205",2
"6206",1
"6207",0
"6208",1
"6209",4
"6210",0
"6211",0
"6212",0
"6213",3
"6214",1
"6215",0
"6216",9
"6217",0
"6218",1
"6219",7
"6220",3
"6221",4
"6222",0
"6223",1
"6224",1
"6225",0
"6226",2
"6227",1
"6228",1
"6229",4
"6230",1
"6231",0
"6232",0
"6233",0
"6234",2
"6235",1
"6236",1
"6237",0
"6238",6
"6239",0
"6240",2
"6241",2
"6242",1
"6243",3
"6244",2
"6245",0
"6246",1
"6247",0
"6248",1
"6249",1
"6250",1
"6251",1
"6252",2
"6253",3
"6254",5
"6255",3
"6256",1
"6257",1
"6258",0
"6259",6
"6260",0
"6261",0
"6262",1
"6263",1
"6264",1
"6265",2
"6266",1
"6267",1
"6268",2
"6269",2
"6270",0
"6271",2
"6272",0
"6273",0
"6274",0
"6275",2
"6276",11
"6277",0
"6278",0
"6279",1
"6280",2
"6281",0
"6282",2
"6283",1
"6284",0
"6285",2
"6286",0
"6287",0
"6288",2
"6289",0
"6290",1
"6291",1
"6292",1
"6293",0
"6294",2
"6295",0
"6296",12
"6297",0
"6298",6
"6299",6
"6300",1
"6301",0
"6302",0
"6303",1
"6304",1
"6305",3
"6306",0
"6307",3
"6308",0
"6309",3
"6310",2
"6311",1
"6312",11
"6313",1
"6314",2
"6315",4
"6316",0
"6317",5
"6318",0
"6319",2
"6320",0
"6321",3
"6322",1
"6323",1
"6324",2
"6325",1
"6326",0
"6327",0
"6328",1
"6329",7
"6330",1
"6331",1
"6332",0
"6333",1
"6334",1
"6335",4
"6336",1
"6337",1
"6338",2
"6339",2
"6340",0
"6341",0
"6342",1
"6343",2
"6344",2
"6345",1
"6346",1
"6347",2
"6348",0
"6349",1
"6350",1
"6351",0
"6352",0
"6353",0
"6354",1
"6355",0
"6356",0
"6357",2
"6358",1
"6359",2
"6360",27
"6361",0
"6362",2
"6363",0
"6364",4
"6365",2
"6366",1
"6367",0
"6368",1
"6369",0
"6370",1
"6371",3
"6372",3
"6373",2
"6374",7
"6375",1
"6376",5
"6377",2
"6378",0
"6379",0
"6380",2
"6381",0
"6382",0
"6383",6
"6384",4
"6385",2
"6386",1
"6387",1
"6388",0
"6389",0
"6390",2
"6391",1
"6392",6
"6393",0
"6394",2
"6395",0
"6396",0
"6397",1
"6398",0
"6399",0
"6400",2
"6401",1
"6402",3
"6403",2
"6404",1
"6405",0
"6406",1
"6407",1
"6408",1
"6409",1
"6410",4
"6411",1
"6412",1
"6413",0
"6414",0
"6415",1
"6416",1
"6417",1
"6418",3
"6419",20
"6420",1
"6421",1
"6422",4
"6423",1
"6424",1
"6425",9
"6426",1
"6427",1
"6428",0
"6429",1
"6430",2
"6431",0
"6432",1
"6433",1
"6434",1
"6435",1
"6436",0
"6437",2
"6438",2
"6439",1
"6440",0
"6441",2
"6442",1
"6443",1
"6444",0
"6445",2
"6446",8
"6447",0
"6448",4
"6449",2
"6450",2
"6451",2
"6452",2
"6453",3
"6454",4
"6455",3
"6456",1
"6457",1
"6458",1
"6459",1
"6460",4
"6461",1
"6462",1
"6463",1
"6464",3
"6465",0
"6466",0
"6467",1
"6468",0
"6469",1
"6470",1
"6471",2
"6472",0
"6473",1
"6474",5
"6475",0
"6476",1
"6477",2
"6478",1
"6479",4
"6480",5
"6481",0
"6482",0
"6483",2
"6484",2
"6485",0
"6486",1
"6487",0
"6488",1
"6489",1
"6490",3
"6491",0
"6492",1
"6493",1
"6494",1
"6495",1
"6496",1
"6497",1
"6498",3
"6499",0
"6500",1
"6501",1
"6502",2
"6503",1
"6504",1
"6505",0
"6506",1
"6507",1
"6508",0
"6509",2
"6510",0
"6511",4
"6512",1
"6513",2
"6514",2
"6515",0
"6516",0
"6517",6
"6518",1
"6519",0
"6520",1
"6521",3
"6522",1
"6523",9
"6524",1
"6525",1
"6526",0
"6527",0
"6528",2
"6529",1
"6530",0
"6531",2
"6532",2
"6533",0
"6534",0
"6535",1
"6536",1
"6537",1
"6538",0
"6539",1
"6540",1
"6541",7
"6542",1
"6543",0
"6544",1
"6545",2
"6546",0
"6547",0
"6548",1
"6549",1
"6550",1
"6551",6
"6552",0
"6553",2
"6554",0
"6555",2
"6556",0
"6557",0
"6558",1
"6559",0
"6560",4
"6561",1
"6562",1
"6563",1
"6564",1
"6565",1
"6566",1
"6567",1
"6568",0
"6569",2
"6570",0
"6571",0
"6572",2
"6573",1
"6574",0
"6575",5
"6576",1
"6577",0
"6578",1
"6579",7
"6580",1
"6581",1
"6582",0
"6583",1
"6584",1
"6585",5
"6586",1
"6587",1
"6588",1
"6589",1
"6590",0
"6591",3
"6592",4
"6593",1
"6594",2
"6595",1
"6596",2
"6597",1
"6598",4
"6599",1
"6600",1
"6601",2
"6602",0
"6603",12
"6604",2
"6605",1
"6606",0
"6607",1
"6608",0
"6609",1
"6610",2
"6611",1
"6612",1
"6613",1
"6614",1
"6615",4
"6616",1
"6617",2
"6618",1
"6619",1
"6620",1
"6621",1
"6622",5
"6623",0
"6624",1
"6625",1
"6626",0
"6627",3
"6628",3
"6629",2
"6630",1
"6631",0
"6632",1
"6633",1
"6634",0
"6635",4
"6636",0
"6637",1
"6638",3
"6639",0
"6640",1
"6641",3
"6642",2
"6643",1
"6644",2
"6645",2
"6646",2
"6647",0
"6648",4
"6649",1
"6650",3
"6651",0
"6652",2
"6653",3
"6654",1
"6655",1
"6656",1
"6657",0
"6658",1
"6659",1
"6660",0
"6661",1
"6662",0
"6663",0
"6664",1
"6665",1
"6666",2
"6667",2
"6668",5
"6669",2
"6670",1
"6671",2
"6672",1
"6673",0
"6674",1
"6675",4
"6676",1
"6677",2
"6678",0
"6679",0
"6680",2
"6681",1
"6682",2
"6683",1
"6684",1
"6685",0
"6686",2
"6687",2
"6688",1
"6689",0
"6690",3
"6691",4
"6692",1
"6693",5
"6694",1
"6695",1
"6696",1
"6697",0
"6698",1
"6699",2
"6700",0
"6701",0
"6702",1
"6703",2
"6704",6
"6705",5
"6706",1
"6707",6
"6708",3
"6709",1
"6710",0
"6711",2
"6712",1
"6713",1
"6714",7
"6715",0
"6716",1
"6717",1
"6718",1
"6719",3
"6720",0
"6721",1
"6722",1
"6723",4
"6724",1
"6725",0
"6726",1
"6727",0
"6728",1
"6729",1
"6730",1
"6731",1
"6732",6
"6733",2
"6734",2
"6735",0
"6736",1
"6737",0
"6738",2
"6739",1
"6740",12
"6741",2
"6742",2
"6743",6
"6744",2
"6745",3
"6746",5
"6747",0
"6748",6
"6749",0
"6750",1
"6751",1
"6752",1
"6753",2
"6754",0
"6755",3
"6756",2
"6757",1
"6758",5
"6759",0
"6760",1
"6761",2
"6762",0
"6763",0
"6764",1
"6765",1
"6766",1
"6767",2
"6768",1
"6769",2
"6770",1
"6771",0
"6772",0
"6773",0
"6774",1
"6775",1
"6776",2
"6777",2
"6778",5
"6779",1
"6780",2
"6781",5
"6782",0
"6783",3
"6784",1
"6785",1
"6786",7
"6787",1
"6788",1
"6789",1
"6790",0
"6791",0
"6792",2
"6793",0
"6794",0
"6795",1
"6796",3
"6797",1
"6798",0
"6799",3
"6800",5
"6801",1
"6802",0
"6803",1
"6804",9
"6805",0
"6806",2
"6807",3
"6808",0
"6809",0
"6810",0
"6811",1
"6812",0
"6813",0
"6814",3
"6815",4
"6816",1
"6817",0
"6818",2
"6819",0
"6820",1
"6821",3
"6822",0
"6823",6
"6824",2
"6825",4
"6826",1
"6827",7
"6828",1
"6829",11
"6830",3
"6831",1
"6832",1
"6833",0
"6834",0
"6835",0
"6836",1
"6837",1
"6838",0
"6839",2
"6840",4
"6841",0
"6842",2
"6843",1
"6844",1
"6845",1
"6846",1
"6847",0
"6848",0
"6849",6
"6850",2
"6851",3
"6852",0
"6853",0
"6854",1
"6855",1
"6856",1
"6857",1
"6858",1
"6859",2
"6860",2
"6861",4
"6862",0
"6863",1
"6864",0
"6865",1
"6866",1
"6867",1
"6868",0
"6869",7
"6870",1
"6871",3
"6872",8
"6873",2
"6874",0
"6875",1
"6876",0
"6877",5
"6878",1
"6879",1
"6880",0
"6881",1
"6882",2
"6883",1
"6884",0
"6885",3
"6886",0
"6887",1
"6888",0
"6889",1
"6890",1
"6891",2
"6892",3
"6893",1
"6894",1
"6895",0
"6896",1
"6897",1
"6898",1
"6899",3
"6900",1
"6901",4
"6902",1
"6903",2
"6904",1
"6905",5
"6906",1
"6907",2
"6908",7
"6909",1
"6910",2
"6911",1
"6912",1
"6913",1
"6914",2
"6915",1
"6916",3
"6917",1
"6918",1
"6919",0
"6920",2
"6921",0
"6922",0
"6923",0
"6924",7
"6925",1
"6926",2
"6927",0
"6928",0
"6929",1
"6930",3
"6931",1
"6932",5
"6933",10
"6934",1
"6935",1
"6936",0
"6937",1
"6938",2
"6939",1
"6940",0
"6941",18
"6942",0
"6943",1
"6944",0
"6945",1
"6946",1
"6947",3
"6948",1
"6949",0
"6950",4
"6951",3
"6952",1
"6953",2
"6954",3
"6955",2
"6956",4
"6957",1
"6958",1
"6959",0
"6960",0
"6961",0
"6962",1
"6963",1
"6964",3
"6965",0
"6966",0
"6967",0
"6968",0
"6969",2
"6970",2
"6971",2
"6972",1
"6973",1
"6974",0
"6975",0
"6976",0
"6977",1
"6978",2
"6979",1
"6980",0
"6981",2
"6982",1
"6983",4
"6984",0
"6985",0
"6986",1
"6987",0
"6988",4
"6989",1
"6990",1
"6991",1
"6992",0
"6993",6
"6994",1
"6995",1
"6996",0
"6997",1
"6998",4
"6999",0
"7000",1
"7001",0
"7002",1
"7003",1
"7004",1
"7005",1
"7006",0
"7007",5
"7008",0
"7009",2
"7010",1
"7011",1
"7012",1
"7013",5
"7014",0
"7015",1
"7016",0
"7017",1
"7018",0
"7019",1
"7020",1
"7021",0
"7022",0
"7023",0
"7024",1
"7025",2
"7026",0
"7027",0
"7028",2
"7029",0
"7030",1
"7031",1
"7032",1
"7033",0
"7034",1
"7035",0
"7036",1
"7037",3
"7038",4
"7039",1
"7040",6
"7041",2
"7042",2
"7043",1
"7044",3
"7045",2
"7046",1
"7047",2
"7048",1
"7049",1
"7050",11
"7051",0
"7052",1
"7053",1
"7054",6
"7055",4
"7056",0
"7057",0
"7058",1
"7059",1
"7060",0
"7061",0
"7062",1
"7063",1
"7064",3
"7065",0
"7066",0
"7067",1
"7068",1
"7069",6
"7070",1
"7071",1
"7072",10
"7073",5
"7074",1
"7075",13
"7076",2
"7077",0
"7078",0
"7079",7
"7080",9
"7081",1
"7082",1
"7083",0
"7084",0
"7085",1
"7086",1
"7087",0
"7088",1
"7089",0
"7090",0
"7091",1
"7092",0
"7093",1
"7094",1
"7095",1
"7096",1
"7097",1
"7098",2
"7099",1
"7100",1
"7101",0
"7102",0
"7103",0
"7104",2
"7105",1
"7106",1
"7107",1
"7108",1
"7109",3
"7110",0
"7111",0
"7112",4
"7113",1
"7114",3
"7115",0
"7116",0
"7117",1
"7118",0
"7119",1
"7120",1
"7121",1
"7122",3
"7123",1
"7124",0
"7125",3
"7126",1
"7127",5
"7128",1
"7129",1
"7130",3
"7131",1
"7132",0
"7133",2
"7134",1
"7135",1
"7136",1
"7137",2
"7138",2
"7139",1
"7140",1
"7141",3
"7142",5
"7143",2
"7144",1
"7145",0
"7146",1
"7147",1
"7148",1
"7149",2
"7150",0
"7151",1
"7152",4
"7153",1
"7154",0
"7155",1
"7156",1
"7157",2
"7158",2
"7159",2
"7160",2
"7161",4
"7162",0
"7163",1
"7164",2
"7165",0
"7166",1
"7167",2
"7168",1
"7169",0
"7170",3
"7171",0
"7172",3
"7173",2
"7174",0
"7175",2
"7176",0
"7177",1
"7178",0
"7179",0
"7180",1
"7181",2
"7182",0
"7183",0
"7184",2
"7185",2
"7186",2
"7187",0
"7188",3
"7189",2
"7190",0
"7191",0
"7192",1
"7193",2
"7194",0
"7195",4
"7196",1
"7197",2
"7198",1
"7199",0
"7200",2
"7201",3
"7202",5
"7203",1
"7204",1
"7205",1
"7206",1
"7207",1
"7208",1
"7209",1
"7210",1
"7211",4
"7212",1
"7213",0
"7214",1
"7215",0
"7216",8
"7217",1
"7218",1
"7219",0
"7220",4
"7221",10
"7222",1
"7223",0
"7224",11
"7225",0
"7226",1
"7227",0
"7228",1
"7229",0
"7230",0
"7231",1
"7232",1
"7233",1
"7234",6
"7235",0
"7236",1
"7237",1
"7238",3
"7239",7
"7240",0
"7241",1
"7242",1
"7243",0
"7244",1
"7245",1
"7246",1
"7247",1
"7248",7
"7249",1
"7250",0
"7251",1
"7252",1
"7253",1
"7254",1
"7255",1
"7256",1
"7257",1
"7258",1
"7259",2
"7260",1
"7261",0
"7262",1
"7263",1
"7264",2
"7265",0
"7266",1
"7267",1
"7268",1
"7269",1
"7270",1
"7271",0
"7272",1
"7273",1
"7274",0
"7275",2
"7276",1
"7277",2
"7278",1
"7279",1
"7280",0
"7281",1
"7282",1
"7283",5
"7284",2
"7285",0
"7286",5
"7287",1
"7288",0
"7289",2
"7290",0
"7291",3
"7292",0
"7293",2
"7294",1
"7295",2
"7296",2
"7297",1
"7298",1
"7299",1
"7300",7
"7301",1
"7302",2
"7303",6
"7304",1
"7305",0
"7306",5
"7307",7
"7308",1
"7309",1
"7310",0
"7311",5
"7312",2
"7313",1
"7314",0
"7315",3
"7316",1
"7317",1
"7318",1
"7319",1
"7320",1
"7321",0
"7322",0
"7323",1
"7324",0
"7325",4
"7326",1
"7327",2
"7328",2
"7329",3
"7330",1
"7331",2
"7332",2
"7333",0
"7334",3
"7335",1
"7336",6
"7337",1
"7338",1
"7339",2
"7340",0
"7341",2
"7342",4
"7343",1
"7344",0
"7345",1
"7346",2
"7347",1
"7348",0
"7349",1
"7350",13
"7351",1
"7352",1
"7353",2
"7354",5
"7355",0
"7356",0
"7357",0
"7358",0
"7359",0
"7360",0
"7361",1
"7362",9
"7363",1
"7364",3
"7365",1
"7366",0
"7367",0
"7368",2
"7369",0
"7370",1
"7371",4
"7372",0
"7373",0
"7374",20
"7375",1
"7376",1
"7377",1
"7378",1
"7379",1
"7380",1
"7381",6
"7382",3
"7383",0
"7384",1
"7385",0
"7386",1
"7387",1
"7388",2
"7389",1
"7390",2
"7391",1
"7392",9
"7393",1
"7394",1
"7395",2
"7396",5
"7397",1
"7398",3
"7399",2
"7400",0
"7401",2
"7402",0
"7403",0
"7404",1
"7405",1
"7406",1
"7407",2
"7408",1
"7409",1
"7410",2
"7411",2
"7412",4
"7413",1
"7414",0
"7415",0
"7416",3
"7417",0
"7418",0
"7419",1
"7420",1
"7421",1
"7422",4
"7423",1
"7424",1
"7425",0
"7426",0
"7427",0
"7428",0
"7429",1
"7430",1
"7431",0
"7432",1
"7433",2
"7434",1
"7435",0
"7436",2
"7437",1
"7438",2
"7439",2
"7440",0
"7441",8
"7442",3
"7443",1
"7444",1
"7445",2
"7446",1
"7447",2
"7448",0
"7449",11
"7450",1
"7451",5
"7452",0
"7453",1
"7454",0
"7455",2
"7456",0
"7457",6
"7458",0
"7459",1
"7460",1
"7461",4
"7462",0
"7463",3
"7464",1
"7465",12
"7466",0
"7467",1
"7468",0
"7469",2
"7470",9
"7471",1
"7472",2
"7473",1
"7474",4
"7475",0
"7476",0
"7477",0
"7478",0
"7479",0
"7480",2
"7481",1
"7482",1
"7483",1
"7484",1
"7485",0
"7486",1
"7487",0
"7488",5
"7489",1
"7490",1
"7491",0
"7492",3
"7493",2
"7494",1
"7495",0
"7496",0
"7497",2
"7498",1
"7499",1
"7500",0
"7501",2
"7502",0
"7503",1
"7504",6
"7505",2
"7506",1
"7507",0
"7508",5
"7509",4
"7510",0
"7511",0
"7512",0
"7513",1
"7514",0
"7515",4
"7516",0
"7517",2
"7518",7
"7519",0
"7520",1
"7521",3
"7522",1
"7523",1
"7524",0
"7525",1
"7526",1
"7527",1
"7528",1
"7529",2
"7530",0
"7531",0
"7532",1
"7533",1
"7534",1
"7535",2
"7536",3
"7537",4
"7538",3
"7539",5
"7540",2
"7541",2
"7542",1
"7543",1
"7544",0
"7545",1
"7546",1
"7547",0
"7548",4
"7549",0
"7550",1
"7551",1
"7552",1
"7553",1
"7554",4
"7555",0
"7556",0
"7557",0
"7558",0
"7559",1
"7560",1
"7561",2
"7562",1
"7563",0
"7564",1
"7565",2
"7566",2
"7567",0
"7568",4
"7569",3
"7570",1
"7571",1
"7572",1
"7573",3
"7574",4
"7575",1
"7576",1
"7577",1
"7578",4
"7579",1
"7580",1
"7581",2
"7582",1
"7583",1
"7584",0
"7585",1
"7586",1
"7587",1
"7588",1
"7589",1
"7590",0
"7591",2
"7592",4
"7593",2
"7594",1
"7595",2
"7596",0
"7597",0
"7598",1
"7599",1
"7600",0
"7601",0
"7602",7
"7603",1
"7604",1
"7605",0
"7606",1
"7607",6
"7608",1
"7609",1
"7610",1
"7611",6
"7612",0
"7613",2
"7614",0
"7615",7
"7616",2
"7617",2
"7618",12
"7619",0
"7620",2
"7621",2
"7622",1
"7623",0
"7624",2
"7625",4
"7626",1
"7627",5
"7628",1
"7629",1
"7630",1
"7631",0
"7632",0
"7633",2
"7634",1
"7635",0
"7636",1
"7637",1
"7638",0
"7639",4
"7640",0
"7641",1
"7642",14
"7643",1
"7644",4
"7645",2
"7646",1
"7647",8
"7648",3
"7649",3
"7650",3
"7651",2
"7652",1
"7653",0
"7654",1
"7655",2
"7656",2
"7657",1
"7658",0
"7659",1
"7660",0
"7661",0
"7662",1
"7663",1
"7664",1
"7665",0
"7666",1
"7667",7
"7668",0
"7669",0
"7670",1
"7671",0
"7672",2
"7673",1
"7674",0
"7675",0
"7676",9
"7677",3
"7678",1
"7679",2
"7680",1
"7681",4
"7682",0
"7683",1
"7684",0
"7685",0
"7686",2
"7687",3
"7688",6
"7689",2
"7690",1
"7691",1
"7692",3
"7693",1
"7694",1
"7695",0
"7696",3
"7697",0
"7698",1
"7699",1
"7700",2
"7701",0
"7702",0
"7703",7
"7704",4
"7705",0
"7706",2
"7707",0
"7708",2
"7709",2
"7710",1
"7711",1
"7712",3
"7713",0
"7714",1
"7715",0
"7716",0
"7717",4
"7718",2
"7719",1
"7720",2
"7721",0
"7722",2
"7723",0
"7724",1
"7725",2
"7726",1
"7727",3
"7728",0
"7729",0
"7730",0
"7731",1
"7732",0
"7733",12
"7734",0
"7735",0
"7736",3
"7737",5
"7738",3
"7739",2
"7740",0
"7741",0
"7742",0
"7743",1
"7744",2
"7745",0
"7746",1
"7747",0
"7748",0
"7749",2
"7750",1
"7751",4
"7752",0
"7753",3
"7754",2
"7755",1
"7756",0
"7757",0
"7758",1
"7759",0
"7760",2
"7761",2
"7762",2
"7763",1
"7764",1
"7765",2
"7766",3
"7767",1
"7768",2
"7769",2
"7770",2
"7771",0
"7772",2
"7773",1
"7774",1
"7775",1
"7776",0
"7777",1
"7778",3
"7779",0
"7780",1
"7781",0
"7782",1
"7783",1
"7784",0
"7785",2
"7786",1
"7787",1
"7788",0
"7789",1
"7790",3
"7791",0
"7792",0
"7793",2
"7794",0
"7795",0
"7796",1
"7797",1
"7798",0
"7799",4
"7800",1
"7801",0
"7802",3
"7803",1
"7804",1
"7805",2
"7806",5
"7807",0
"7808",6
"7809",6
"7810",1
"7811",1
"7812",1
"7813",0
"7814",1
"7815",3
"7816",1
"7817",4
"7818",0
"7819",0
"7820",1
"7821",0
"7822",0
"7823",7
"7824",0
"7825",1
"7826",1
"7827",0
"7828",1
"7829",0
"7830",3
"7831",0
"7832",1
"7833",2
"7834",0
"7835",1
"7836",1
"7837",1
"7838",7
"7839",5
"7840",1
"7841",0
"7842",1
"7843",3
"7844",2
"7845",1
"7846",1
"7847",0
"7848",1
"7849",1
"7850",4
"7851",2
"7852",1
"7853",0
"7854",0
"7855",1
"7856",1
"7857",0
"7858",1
"7859",1
"7860",1
"7861",4
"7862",1
"7863",1
"7864",4
"7865",1
"7866",0
"7867",0
"7868",0
"7869",0
"7870",0
"7871",2
"7872",0
"7873",1
"7874",1
"7875",1
"7876",5
"7877",1
"7878",1
"7879",4
"7880",3
"7881",1
"7882",0
"7883",4
"7884",5
"7885",2
"7886",0
"7887",0
"7888",9
"7889",1
"7890",1
"7891",1
"7892",2
"7893",1
"7894",0
"7895",3
"7896",0
"7897",0
"7898",0
"7899",2
"7900",1
"7901",1
"7902",1
"7903",1
"7904",1
"7905",1
"7906",1
"7907",2
"7908",2
"7909",4
"7910",1
"7911",1
"7912",5
"7913",3
"7914",2
"7915",0
"7916",2
"7917",1
"7918",7
"7919",5
"7920",1
"7921",1
"7922",1
"7923",1
"7924",3
"7925",1
"7926",3
"7927",4
"7928",2
"7929",1
"7930",0
"7931",1
"7932",2
"7933",1
"7934",1
"7935",1
"7936",1
"7937",2
"7938",1
"7939",1
"7940",0
"7941",1
"7942",2
"7943",4
"7944",1
"7945",1
"7946",1
"7947",1
"7948",2
"7949",1
"7950",1
"7951",1
"7952",0
"7953",1
"7954",0
"7955",1
"7956",4
"7957",2
"7958",2
"7959",2
"7960",2
"7961",4
"7962",1
"7963",1
"7964",0
"7965",1
"7966",1
"7967",1
"7968",1
"7969",2
"7970",0
"7971",0
"7972",0
"7973",1
"7974",2
"7975",1
"7976",0
"7977",1
"7978",2
"7979",2
"7980",1
"7981",1
"7982",0
"7983",0
"7984",4
"7985",1
"7986",3
"7987",0
"7988",0
"7989",0
"7990",1
"7991",1
"7992",1
"7993",0
"7994",1
"7995",0
"7996",5
"7997",0
"7998",2
"7999",1
"8000",1
"8001",2
"8002",1
"8003",3
"8004",1
"8005",1
"8006",1
"8007",2
"8008",0
"8009",2
"8010",2
"8011",1
"8012",2
"8013",4
"8014",0
"8015",3
"8016",1
"8017",0
"8018",3
"8019",0
"8020",1
"8021",2
"8022",0
"8023",0
"8024",1
"8025",1
"8026",0
"8027",0
"8028",3
"8029",1
"8030",2
"8031",15
"8032",1
"8033",2
"8034",0
"8035",0
"8036",2
"8037",2
"8038",1
"8039",1
"8040",1
"8041",1
"8042",2
"8043",3
"8044",0
"8045",1
"8046",2
"8047",1
"8048",0
"8049",0
"8050",3
"8051",0
"8052",2
"8053",2
"8054",1
"8055",7
"8056",2
"8057",1
"8058",1
"8059",1
"8060",2
"8061",0
"8062",2
"8063",1
"8064",1
"8065",4
"8066",2
"8067",0
"8068",0
"8069",3
"8070",1
"8071",1
"8072",1
"8073",1
"8074",1
"8075",1
"8076",0
"8077",1
"8078",0
"8079",0
"8080",1
"8081",1
"8082",3
"8083",0
"8084",2
"8085",0
"8086",0
"8087",0
"8088",3
"8089",1
"8090",0
"8091",1
"8092",0
"8093",5
"8094",4
"8095",2
"8096",1
"8097",0
"8098",5
"8099",1
"8100",1
"8101",1
"8102",1
"8103",1
"8104",0
"8105",1
"8106",0
"8107",1
"8108",1
"8109",1
"8110",5
"8111",1
"8112",1
"8113",1
"8114",1
"8115",0
"8116",2
"8117",1
"8118",7
"8119",0
"8120",4
"8121",0
"8122",2
"8123",0
"8124",1
"8125",1
"8126",1
"8127",0
"8128",1
"8129",2
"8130",0
"8131",0
"8132",1
"8133",9
"8134",0
"8135",2
"8136",3
"8137",2
"8138",1
"8139",1
"8140",1
"8141",1
"8142",1
"8143",0
"8144",2
"8145",2
"8146",0
"8147",7
"8148",1
"8149",0
"8150",1
"8151",3
"8152",1
"8153",1
"8154",1
"8155",2
"8156",1
"8157",1
"8158",18
"8159",1
"8160",7
"8161",1
"8162",1
"8163",1
"8164",0
"8165",0
"8166",2
"8167",1
"8168",3
"8169",0
"8170",2
"8171",7
"8172",2
"8173",1
"8174",1
"8175",1
"8176",1
"8177",1
"8178",1
"8179",2
"8180",0
"8181",1
"8182",4
"8183",0
"8184",2
"8185",0
"8186",3
"8187",0
"8188",2
"8189",3
"8190",9
"8191",0
"8192",1
"8193",0
"8194",0
"8195",0
"8196",1
"8197",6
"8198",0
"8199",1
"8200",0
"8201",0
"8202",1
"8203",1
"8204",0
"8205",3
"8206",1
"8207",1
"8208",0
"8209",0
"8210",0
"8211",2
"8212",1
"8213",1
"8214",0
"8215",4
"8216",0
"8217",1
"8218",0
"8219",4
"8220",10
"8221",2
"8222",0
"8223",2
"8224",1
"8225",1
"8226",1
"8227",1
"8228",0
"8229",1
"8230",3
"8231",1
"8232",0
"8233",1
"8234",0
"8235",0
"8236",1
"8237",1
"8238",0
"8239",2
"8240",3
"8241",1
"8242",1
"8243",1
"8244",1
"8245",6
"8246",1
"8247",0
"8248",2
"8249",1
"8250",1
"8251",0
"8252",1
"8253",1
"8254",2
"8255",2
"8256",1
"8257",1
"8258",1
"8259",0
"8260",2
"8261",2
"8262",0
"8263",4
"8264",0
"8265",0
"8266",0
"8267",0
"8268",4
"8269",1
"8270",1
"8271",3
"8272",0
"8273",1
"8274",0
"8275",1
"8276",1
"8277",1
"8278",2
"8279",1
"8280",1
"8281",0
"8282",1
"8283",4
"8284",0
"8285",1
"8286",1
"8287",2
"8288",0
"8289",1
"8290",1
"8291",0
"8292",1
"8293",1
"8294",3
"8295",3
"8296",1
"8297",1
"8298",0
"8299",0
"8300",0
"8301",6
"8302",1
"8303",7
"8304",1
"8305",0
"8306",0
"8307",1
"8308",2
"8309",2
"8310",1
"8311",2
"8312",2
"8313",1
"8314",3
"8315",2
"8316",1
"8317",0
"8318",0
"8319",2
"8320",1
"8321",0
"8322",1
"8323",0
"8324",0
"8325",2
"8326",1
"8327",1
"8328",2
"8329",2
"8330",1
"8331",1
"8332",2
"8333",0
"8334",0
"8335",1
"8336",0
"8337",2
"8338",0
"8339",2
"8340",1
"8341",5
"8342",1
"8343",1
"8344",1
"8345",0
"8346",4
"8347",0
"8348",3
"8349",0
"8350",0
"8351",3
"8352",7
"8353",0
"8354",1
"8355",9
"8356",1
"8357",3
"8358",10
"8359",9
"8360",1
"8361",1
"8362",0
"8363",0
"8364",0
"8365",0
"8366",0
"8367",5
"8368",0
"8369",1
"8370",2
"8371",1
"8372",1
"8373",1
"8374",2
"8375",0
"8376",1
"8377",1
"8378",0
"8379",1
"8380",1
"8381",2
"8382",4
"8383",1
"8384",2
"8385",1
"8386",0
"8387",1
"8388",5
"8389",2
"8390",2
"8391",0
"8392",6
"8393",2
"8394",0
"8395",5
"8396",2
"8397",3
"8398",3
"8399",2
"8400",2
"8401",3
"8402",2
"8403",2
"8404",1
"8405",0
"8406",1
"8407",1
"8408",0
"8409",2
"8410",1
"8411",4
"8412",3
"8413",3
"8414",1
"8415",1
"8416",1
"8417",0
"8418",1
"8419",2
"8420",0
"8421",2
"8422",1
"8423",0
"8424",1
"8425",1
"8426",0
"8427",0
"8428",0
"8429",1
"8430",3
"8431",1
"8432",1
"8433",0
"8434",0
"8435",0
"8436",3
"8437",2
"8438",0
"8439",1
"8440",1
"8441",0
"8442",2
"8443",7
"8444",1
"8445",7
"8446",2
"8447",0
"8448",2
"8449",1
"8450",1
"8451",1
"8452",1
"8453",2
"8454",2
"8455",0
"8456",0
"8457",1
"8458",2
"8459",3
"8460",1
"8461",4
"8462",4
"8463",1
"8464",2
"8465",2
"8466",0
"8467",1
"8468",1
"8469",2
"8470",7
"8471",10
"8472",2
"8473",2
"8474",0
"8475",0
"8476",1
"8477",0
"8478",1
"8479",1
"8480",1
"8481",4
"8482",1
"8483",1
"8484",1
"8485",1
"8486",1
"8487",2
"8488",0
"8489",1
"8490",0
"8491",0
"8492",1
"8493",2
"8494",3
"8495",0
"8496",1
"8497",3
"8498",0
"8499",2
"8500",1
"8501",0
"8502",1
"8503",1
"8504",3
"8505",0
"8506",4
"8507",7
"8508",1
"8509",2
"8510",0
"8511",1
"8512",1
"8513",5
"8514",1
"8515",1
"8516",1
"8517",1
"8518",3
"8519",2
"8520",6
"8521",1
"8522",0
"8523",1
"8524",5
"8525",1
"8526",2
"8527",1
"8528",0
"8529",1
"8530",1
"8531",1
"8532",3
"8533",6
"8534",1
"8535",7
"8536",0
"8537",0
"8538",1
"8539",6
"8540",3
"8541",8
"8542",2
"8543",2
"8544",1
"8545",1
"8546",2
"8547",2
"8548",2
"8549",1
"8550",1
"8551",0
"8552",2
"8553",0
"8554",1
"8555",4
"8556",1
"8557",1
"8558",4
"8559",0
"8560",2
"8561",4
"8562",0
"8563",5
"8564",6
"8565",1
"8566",0
"8567",1
"8568",4
"8569",0
"8570",2
"8571",1
"8572",1
"8573",0
"8574",1
"8575",0
"8576",7
"8577",1
"8578",2
"8579",5
"8580",7
"8581",0
"8582",1
"8583",0
"8584",0
"8585",2
"8586",0
"8587",0
"8588",0
"8589",1
"8590",1
"8591",2
"8592",0
"8593",1
"8594",1
"8595",0
"8596",1
"8597",2
"8598",0
"8599",1
"8600",3
"8601",2
"8602",1
"8603",1
"8604",14
"8605",1
"8606",2
"8607",2
"8608",1
"8609",1
"8610",0
"8611",0
"8612",3
"8613",4
"8614",1
"8615",7
"8616",1
"8617",3
"8618",1
"8619",8
"8620",0
"8621",3
"8622",0
"8623",1
"8624",2
"8625",11
"8626",2
"8627",1
"8628",2
"8629",1
"8630",1
"8631",0
"8632",1
"8633",1
"8634",6
"8635",4
"8636",1
"8637",2
"8638",1
"8639",2
"8640",2
"8641",0
"8642",0
"8643",4
"8644",0
"8645",1
"8646",1
"8647",3
"8648",2
"8649",2
"8650",1
"8651",1
"8652",1
"8653",2
"8654",2
"8655",0
"8656",1
"8657",2
"8658",2
"8659",1
"8660",1
"8661",2
"8662",0
"8663",2
"8664",1
"8665",0
"8666",1
"8667",0
"8668",11
"8669",1
"8670",0
"8671",0
"8672",0
"8673",2
"8674",1
"8675",1
"8676",2
"8677",2
"8678",1
"8679",1
"8680",1
"8681",0
"8682",1
"8683",2
"8684",1
"8685",0
"8686",1
"8687",0
"8688",2
"8689",0
"8690",2
"8691",3
"8692",0
"8693",1
"8694",1
"8695",2
"8696",5
"8697",1
"8698",1
"8699",4
"8700",0
"8701",0
"8702",1
"8703",1
"8704",1
"8705",1
"8706",1
"8707",1
"8708",1
"8709",5
"8710",1
"8711",1
"8712",1
"8713",0
"8714",1
"8715",6
"8716",2
"8717",0
"8718",1
"8719",0
"8720",1
"8721",1
"8722",0
"8723",6
"8724",2
"8725",1
"8726",1
"8727",1
"8728",1
"8729",0
"8730",2
"8731",1
"8732",8
"8733",1
"8734",0
"8735",1
"8736",1
"8737",1
"8738",1
"8739",1
"8740",1
"8741",0
"8742",0
"8743",1
"8744",1
"8745",0
"8746",0
"8747",4
"8748",1
"8749",1
"8750",1
"8751",1
"8752",0
"8753",4
"8754",0
"8755",1
"8756",1
"8757",0
"8758",1
"8759",2
"8760",1
"8761",1
"8762",2
"8763",0
"8764",2
"8765",0
"8766",3
"8767",3
"8768",1
"8769",0
"8770",1
"8771",0
"8772",4
"8773",1
"8774",0
"8775",0
"8776",1
"8777",0
"8778",1
"8779",0
"8780",2
"8781",0
"8782",1
"8783",1
"8784",1
"8785",6
"8786",1
"8787",1
"8788",1
"8789",1
"8790",1
"8791",1
"8792",0
"8793",1
"8794",6
"8795",0
"8796",6
"8797",2
"8798",1
"8799",1
"8800",0
"8801",2
"8802",1
"8803",0
"8804",2
"8805",0
"8806",1
"8807",0
"8808",0
"8809",0
"8810",1
"8811",0
"8812",1
"8813",0
"8814",0
"8815",2
"8816",1
"8817",1
"8818",4
"8819",2
"8820",4
"8821",0
"8822",2
"8823",1
"8824",10
"8825",0
"8826",0
"8827",0
"8828",1
"8829",2
"8830",2
"8831",1
"8832",1
"8833",0
"8834",3
"8835",1
"8836",3
"8837",0
"8838",0
"8839",1
"8840",1
"8841",1
"8842",2
"8843",1
"8844",1
"8845",1
"8846",3
"8847",1
"8848",1
"8849",0
"8850",0
"8851",1
"8852",1
"8853",2
"8854",1
"8855",0
"8856",5
"8857",1
"8858",2
"8859",5
"8860",0
"8861",1
"8862",1
"8863",0
"8864",1
"8865",0
"8866",8
"8867",2
"8868",0
"8869",0
"8870",1
"8871",6
"8872",1
"8873",0
"8874",2
"8875",1
"8876",2
"8877",0
"8878",0
"8879",0
"8880",1
"8881",0
"8882",1
"8883",3
"8884",1
"8885",0
"8886",0
"8887",1
"8888",0
"8889",1
"8890",1
"8891",4
"8892",5
"8893",1
"8894",0
"8895",0
"8896",0
"8897",1
"8898",0
"8899",2
"8900",2
"8901",0
"8902",2
"8903",0
"8904",1
"8905",1
"8906",0
"8907",1
"8908",0
"8909",0
"8910",1
"8911",1
"8912",1
"8913",0
"8914",13
"8915",1
"8916",2
"8917",1
"8918",0
"8919",1
"8920",1
"8921",0
"8922",2
"8923",0
"8924",1
"8925",3
"8926",0
"8927",1
"8928",0
"8929",6
"8930",3
"8931",1
"8932",1
"8933",1
"8934",1
"8935",0
"8936",3
"8937",2
"8938",2
"8939",0
"8940",2
"8941",4
"8942",2
"8943",4
"8944",1
"8945",1
"8946",1
"8947",8
"8948",2
"8949",1
"8950",0
"8951",1
"8952",4
"8953",1
"8954",4
"8955",1
"8956",14
"8957",1
"8958",1
"8959",1
"8960",0
"8961",7
"8962",2
"8963",2
"8964",3
"8965",1
"8966",7
"8967",1
"8968",1
"8969",0
"8970",4
"8971",1
"8972",3
"8973",7
"8974",1
"8975",1
"8976",1
"8977",1
"8978",0
"8979",1
"8980",0
"8981",1
"8982",2
"8983",3
"8984",0
"8985",3
"8986",1
"8987",1
"8988",1
"8989",2
"8990",1
"8991",1
"8992",0
"8993",3
"8994",2
"8995",1
"8996",2
"8997",0
"8998",5
"8999",0
"9000",1
"9001",2
"9002",4
"9003",4
"9004",0
"9005",0
"9006",2
"9007",0
"9008",1
"9009",3
"9010",1
"9011",0
"9012",2
"9013",2
"9014",2
"9015",1
"9016",4
"9017",1
"9018",0
"9019",1
"9020",0
"9021",1
"9022",0
"9023",1
"9024",2
"9025",2
"9026",2
"9027",2
"9028",0
"9029",0
"9030",1
"9031",1
"9032",0
"9033",2
"9034",4
"9035",1
"9036",0
"9037",4
"9038",3
"9039",1
"9040",0
"9041",3
"9042",1
"9043",6
"9044",0
"9045",3
"9046",0
"9047",0
"9048",2
"9049",5
"9050",1
"9051",2
"9052",0
"9053",0
"9054",1
"9055",2
"9056",0
"9057",1
"9058",7
"9059",1
"9060",0
"9061",6
"9062",0
"9063",1
"9064",1
"9065",0
"9066",0
"9067",1
"9068",3
"9069",7
"9070",0
"9071",5
"9072",2
"9073",2
"9074",0
"9075",0
"9076",0
"9077",0
"9078",1
"9079",0
"9080",1
"9081",2
"9082",4
"9083",1
"9084",1
"9085",1
"9086",0
"9087",1
"9088",0
"9089",1
"9090",1
"9091",2
"9092",0
"9093",2
"9094",1
"9095",1
"9096",1
"9097",1
"9098",6
"9099",4
"9100",0
"9101",2
"9102",1
"9103",3
"9104",1
"9105",0
"9106",0
"9107",0
"9108",2
"9109",1
"9110",2
"9111",3
"9112",0
"9113",1
"9114",1
"9115",0
"9116",1
"9117",1
"9118",0
"9119",0
"9120",1
"9121",0
"9122",2
"9123",1
"9124",4
"9125",4
"9126",1
"9127",1
"9128",5
"9129",20
"9130",0
"9131",4
"9132",1
"9133",1
"9134",1
"9135",1
"9136",0
"9137",1
"9138",0
"9139",1
"9140",7
"9141",2
"9142",0
"9143",1
"9144",0
"9145",1
"9146",3
"9147",0
"9148",2
"9149",7
"9150",0
"9151",1
"9152",0
"9153",4
"9154",2
"9155",1
"9156",1
"9157",2
"9158",2
"9159",12
"9160",0
"9161",0
"9162",0
"9163",2
"9164",1
"9165",1
"9166",2
"9167",1
"9168",2
"9169",1
"9170",1
"9171",3
"9172",1
"9173",0
"9174",1
"9175",1
"9176",1
"9177",1
"9178",0
"9179",1
"9180",0
"9181",1
"9182",3
"9183",0
"9184",0
"9185",0
"9186",1
"9187",1
"9188",1
"9189",1
"9190",1
"9191",0
"9192",2
"9193",1
"9194",2
"9195",0
"9196",1
"9197",0
"9198",1
"9199",0
"9200",1
"9201",2
"9202",2
"9203",1
"9204",4
"9205",2
"9206",1
"9207",2
"9208",1
"9209",0
"9210",0
"9211",0
"9212",1
"9213",2
"9214",3
"9215",0
"9216",15
"9217",1
"9218",1
"9219",2
"9220",0
"9221",14
"9222",2
"9223",1
"9224",1
"9225",1
"9226",7
"9227",2
"9228",0
"9229",0
"9230",1
"9231",0
"9232",1
"9233",18
"9234",2
"9235",2
"9236",1
"9237",2
"9238",3
"9239",2
"9240",1
"9241",5
"9242",2
"9243",6
"9244",2
"9245",2
"9246",3
"9247",5
"9248",2
"9249",1
"9250",0
"9251",1
"9252",1
"9253",1
"9254",1
"9255",0
"9256",2
"9257",1
"9258",1
"9259",0
"9260",0
"9261",1
"9262",1
"9263",4
"9264",7
"9265",1
"9266",1
"9267",2
"9268",4
"9269",0
"9270",3
"9271",0
"9272",1
"9273",1
"9274",2
"9275",1
"9276",1
"9277",0
"9278",1
"9279",0
"9280",0
"9281",1
"9282",2
"9283",15
"9284",1
"9285",4
"9286",0
"9287",1
"9288",1
"9289",3
"9290",3
"9291",2
"9292",5
"9293",1
"9294",6
"9295",1
"9296",2
"9297",0
"9298",1
"9299",2
"9300",1
"9301",1
"9302",0
"9303",1
"9304",1
"9305",0
"9306",1
"9307",10
"9308",7
"9309",0
"9310",1
"9311",1
"9312",1
"9313",2
"9314",1
"9315",1
"9316",7
"9317",1
"9318",1
"9319",1
"9320",2
"9321",0
"9322",0
"9323",1
"9324",5
"9325",1
"9326",0
"9327",1
"9328",1
"9329",1
"9330",0
"9331",1
"9332",3
"9333",1
"9334",0
"9335",1
"9336",1
"9337",2
"9338",0
"9339",1
"9340",0
"9341",0
"9342",1
"9343",2
"9344",1
"9345",0
"9346",6
"9347",1
"9348",1
"9349",6
"9350",4
"9351",1
"9352",2
"9353",6
"9354",0
"9355",0
"9356",1
"9357",5
"9358",1
"9359",1
"9360",3
"9361",2
"9362",1
"9363",1
"9364",1
"9365",0
"9366",0
"9367",2
"9368",1
"9369",1
"9370",5
"9371",2
"9372",0
"9373",0
"9374",1
"9375",0
"9376",1
"9377",1
"9378",1
"9379",0
"9380",0
"9381",1
"9382",1
"9383",1
"9384",3
"9385",1
"9386",1
"9387",2
"9388",0
"9389",4
"9390",1
"9391",3
"9392",0
"9393",2
"9394",1
"9395",1
"9396",1
"9397",2
"9398",0
"9399",1
"9400",1
"9401",0
"9402",1
"9403",5
"9404",0
"9405",3
"9406",5
"9407",1
"9408",1
"9409",1
"9410",2
"9411",0
"9412",1
"9413",3
"9414",1
"9415",1
"9416",0
"9417",1
"9418",5
"9419",2
"9420",1
"9421",3
"9422",1
"9423",3
"9424",1
"9425",1
"9426",1
"9427",2
"9428",0
"9429",2
"9430",3
"9431",7
"9432",1
"9433",1
"9434",1
"9435",3
"9436",1
"9437",1
"9438",0
"9439",3
"9440",1
"9441",1
"9442",1
"9443",2
"9444",1
"9445",2
"9446",2
"9447",0
"9448",1
"9449",2
"9450",1
"9451",3
"9452",1
"9453",0
"9454",0
"9455",1
"9456",3
"9457",1
"9458",1
"9459",0
"9460",3
"9461",1
"9462",4
"9463",3
"9464",0
"9465",1
"9466",1
"9467",0
"9468",2
"9469",1
"9470",1
"9471",1
"9472",1
"9473",2
"9474",0
"9475",7
"9476",1
"9477",4
"9478",2
"9479",1
"9480",1
"9481",1
"9482",1
"9483",3
"9484",1
"9485",0
"9486",2
"9487",1
"9488",1
"9489",0
"9490",2
"9491",0
"9492",2
"9493",1
"9494",2
"9495",0
"9496",0
"9497",0
"9498",2
"9499",0
"9500",0
"9501",1
"9502",1
"9503",0
"9504",1
"9505",4
"9506",1
"9507",1
"9508",10
"9509",0
"9510",0
"9511",1
"9512",2
"9513",1
"9514",0
"9515",1
"9516",0
"9517",1
"9518",0
"9519",0
"9520",1
"9521",2
"9522",4
"9523",2
"9524",0
"9525",6
"9526",5
"9527",3
"9528",1
"9529",0
"9530",1
"9531",1
"9532",1
"9533",0
"9534",1
"9535",0
"9536",1
"9537",0
"9538",1
"9539",2
"9540",0
"9541",4
"9542",1
"9543",1
"9544",0
"9545",2
"9546",1
"9547",1
"9548",0
"9549",1
"9550",1
"9551",3
"9552",0
"9553",2
"9554",4
"9555",1
"9556",0
"9557",6
"9558",7
"9559",0
"9560",0
"9561",1
"9562",0
"9563",0
"9564",2
"9565",1
"9566",1
"9567",1
"9568",2
"9569",1
"9570",2
"9571",0
"9572",1
"9573",1
"9574",1
"9575",0
"9576",5
"9577",0
"9578",1
"9579",1
"9580",0
"9581",5
"9582",1
"9583",0
"9584",1
"9585",2
"9586",0
"9587",1
"9588",2
"9589",1
"9590",0
"9591",1
"9592",1
"9593",0
"9594",1
"9595",1
"9596",2
"9597",0
"9598",1
"9599",0
"9600",2
"9601",2
"9602",1
"9603",0
"9604",0
"9605",1
"9606",0
"9607",7
"9608",6
"9609",1
"9610",1
"9611",1
"9612",1
"9613",3
"9614",1
"9615",1
"9616",1
"9617",9
"9618",5
"9619",1
"9620",1
"9621",5
"9622",3
"9623",4
"9624",1
"9625",2
"9626",1
"9627",0
"9628",4
"9629",1
"9630",1
"9631",1
"9632",1
"9633",5
"9634",1
"9635",1
"9636",1
"9637",0
"9638",0
"9639",0
"9640",5
"9641",1
"9642",2
"9643",11
"9644",3
"9645",2
"9646",4
"9647",1
"9648",3
"9649",4
"9650",1
"9651",0
"9652",1
"9653",4
"9654",0
"9655",1
"9656",1
"9657",2
"9658",4
"9659",1
"9660",0
"9661",8
"9662",0
"9663",1
"9664",2
"9665",1
"9666",1
"9667",1
"9668",0
"9669",1
"9670",2
"9671",4
"9672",1
"9673",1
"9674",1
"9675",0
"9676",1
"9677",1
"9678",8
"9679",5
"9680",1
"9681",1
"9682",1
"9683",1
"9684",1
"9685",1
"9686",1
"9687",1
"9688",1
"9689",2
"9690",1
"9691",1
"9692",2
"9693",1
"9694",1
"9695",1
"9696",2
"9697",2
"9698",0
"9699",1
"9700",2
"9701",0
"9702",3
"9703",0
"9704",4
"9705",1
"9706",5
"9707",1
"9708",2
"9709",2
"9710",0
"9711",0
"9712",0
"9713",1
"9714",1
"9715",1
"9716",0
"9717",3
"9718",0
"9719",2
"9720",5
"9721",2
"9722",1
"9723",0
"9724",4
"9725",2
"9726",1
"9727",1
"9728",1
"9729",11
"9730",2
"9731",1
"9732",0
"9733",1
"9734",0
"9735",1
"9736",2
"9737",4
"9738",0
"9739",1
"9740",2
"9741",3
"9742",1
"9743",1
"9744",1
"9745",3
"9746",1
"9747",1
"9748",1
"9749",1
"9750",0
"9751",1
"9752",1
"9753",0
"9754",0
"9755",0
"9756",1
"9757",4
"9758",0
"9759",1
"9760",0
"9761",1
"9762",1
"9763",2
"9764",1
"9765",0
"9766",1
"9767",6
"9768",1
"9769",1
"9770",3
"9771",1
"9772",0
"9773",0
"9774",2
"9775",1
"9776",2
"9777",1
"9778",0
"9779",1
"9780",3
"9781",1
"9782",3
"9783",1
"9784",1
"9785",1
"9786",2
"9787",0
"9788",1
"9789",0
"9790",1
"9791",1
"9792",0
"9793",1
"9794",1
"9795",1
"9796",0
"9797",2
"9798",3
"9799",3
"9800",1
"9801",2
"9802",0
"9803",3
"9804",0
"9805",4
"9806",0
"9807",1
"9808",1
"9809",0
"9810",3
"9811",1
"9812",1
"9813",1
"9814",1
"9815",1
"9816",0
"9817",0
"9818",2
"9819",10
"9820",0
"9821",1
"9822",4
"9823",1
"9824",1
"9825",0
"9826",0
"9827",0
"9828",0
"9829",1
"9830",1
"9831",3
"9832",1
"9833",11
"9834",4
"9835",0
"9836",1
"9837",0
"9838",1
"9839",1
"9840",0
"9841",2
"9842",5
"9843",3
"9844",1
"9845",3
"9846",1
"9847",2
"9848",2
"9849",1
"9850",1
"9851",1
"9852",1
"9853",0
"9854",0
"9855",1
"9856",0
"9857",1
"9858",1
"9859",1
"9860",0
"9861",0
"9862",0
"9863",1
"9864",3
"9865",1
"9866",0
"9867",2
"9868",4
"9869",4
"9870",0
"9871",1
"9872",1
"9873",2
"9874",1
"9875",0
"9876",2
"9877",0
"9878",0
"9879",1
"9880",1
"9881",3
"9882",3
"9883",3
"9884",5
"9885",2
"9886",1
"9887",0
"9888",8
"9889",0
"9890",3
"9891",1
"9892",1
"9893",0
"9894",0
"9895",2
"9896",1
"9897",7
"9898",8
"9899",1
"9900",0
"9901",3
"9902",1
"9903",4
"9904",4
"9905",4
"9906",1
"9907",3
"9908",0
"9909",1
"9910",5
"9911",2
"9912",5
"9913",5
"9914",1
"9915",2
"9916",0
"9917",3
"9918",1
"9919",0
"9920",2
"9921",7
"9922",1
"9923",1
"9924",2
"9925",1
"9926",1
"9927",1
"9928",1
"9929",3
"9930",4
"9931",2
"9932",0
"9933",9
"9934",4
"9935",0
"9936",0
"9937",2
"9938",2
"9939",5
"9940",0
"9941",1
"9942",1
"9943",1
"9944",1
"9945",4
"9946",5
"9947",2
"9948",0
"9949",3
"9950",1
"9951",0
"9952",1
"9953",0
"9954",1
"9955",0
"9956",2
"9957",1
"9958",1
"9959",1
"9960",1
"9961",1
"9962",1
"9963",4
"9964",2
"9965",2
"9966",3
"9967",3
"9968",2
"9969",5
"9970",0
"9971",4
"9972",2
"9973",1
"9974",0
"9975",2
"9976",1
"9977",1
"9978",0
"9979",1
"9980",1
"9981",4
"9982",4
"9983",2
"9984",1
"9985",1
"9986",0
"9987",3
"9988",1
"9989",0
"9990",0
"9991",8
"9992",0
"9993",1
"9994",1
"9995",0
"9996",9
"9997",0
"9998",4
"9999",3
"10000",1
